団体コード,フリガナ,都道,自治体名等
01101,ｻｯﾎﾟﾛｼﾁｭｳｵｳｸ,北海道,札幌市中央区
01102,ｻｯﾎﾟﾛｼｷﾀｸ,北海道,札幌市北区
01103,ｻｯﾎﾟﾛｼﾋｶﾞｼｸ,北海道,札幌市東区
01104,ｻｯﾎﾟﾛｼｼﾛｲｼｸ,北海道,札幌市白石区
01105,ｻｯﾎﾟﾛｼﾄﾖﾋﾗｸ,北海道,札幌市豊平区
01106,ｻｯﾎﾟﾛｼﾐﾅﾐｸ,北海道,札幌市南区
01107,ｻｯﾎﾟﾛｼﾆｼｸ,北海道,札幌市西区
01108,ｻｯﾎﾟﾛｼｱﾂﾍﾞﾂｸ,北海道,札幌市厚別区
01109,ｻｯﾎﾟﾛｼﾃｲﾈｸ,北海道,札幌市手稲区
01110,ｻｯﾎﾟﾛｼｷﾖﾀｸ,北海道,札幌市清田区
01202,ﾊｺﾀﾞﾃｼ,北海道,函館市
01203,ｵﾀﾙｼ,北海道,小樽市
01204,ｱｻﾋｶﾜｼ,北海道,旭川市
01205,ﾑﾛﾗﾝｼ,北海道,室蘭市
01206,ｸｼﾛｼ,北海道,釧路市
01207,ｵﾋﾞﾋﾛｼ,北海道,帯広市
01208,ｷﾀﾐｼ,北海道,北見市
01209,ﾕｳﾊﾞﾘｼ,北海道,夕張市
01210,ｲﾜﾐｻﾞﾜｼ,北海道,岩見沢市
01211,ｱﾊﾞｼﾘｼ,北海道,網走市
01212,ﾙﾓｲｼ,北海道,留萌市
01213,ﾄﾏｺﾏｲｼ,北海道,苫小牧市
01214,ﾜｯｶﾅｲｼ,北海道,稚内市
01215,ﾋﾞﾊﾞｲｼ,北海道,美唄市
01216,ｱｼﾍﾞﾂｼ,北海道,芦別市
01217,ｴﾍﾞﾂｼ,北海道,江別市
01218,ｱｶﾋﾞﾗｼ,北海道,赤平市
01219,ﾓﾝﾍﾞﾂｼ,北海道,紋別市
01220,ｼﾍﾞﾂｼ,北海道,士別市
01221,ﾅﾖﾛｼ,北海道,名寄市
01222,ﾐｶｻｼ,北海道,三笠市
01223,ﾈﾑﾛｼ,北海道,根室市
01224,ﾁﾄｾｼ,北海道,千歳市
01225,ﾀｷｶﾜｼ,北海道,滝川市
01226,ｽﾅｶﾞﾜｼ,北海道,砂川市
01227,ｳﾀｼﾅｲｼ,北海道,歌志内市
01228,ﾌｶｶﾞﾜｼ,北海道,深川市
01229,ﾌﾗﾉｼ,北海道,富良野市
01230,ﾉﾎﾞﾘﾍﾞﾂｼ,北海道,登別市
01231,ｴﾆﾜｼ,北海道,恵庭市
01233,ﾀﾞﾃｼ,北海道,伊達市
01234,ｷﾀﾋﾛｼﾏｼ,北海道,北広島市
01235,ｲｼｶﾘｼ,北海道,石狩市
01236,ﾎｸﾄｼ,北海道,北斗市
01303,ｲｼｶﾘｸﾞﾝﾄｳﾍﾞﾂﾁｮｳ,北海道,石狩郡当別町
01304,ｲｼｶﾘｸﾞﾝｼﾝｼﾉﾂﾑﾗ,北海道,石狩郡新篠津村
01331,ﾏﾂﾏｴｸﾞﾝﾏﾂﾏｴﾁｮｳ,北海道,松前郡松前町
01332,ﾏﾂﾏｴｸﾞﾝﾌｸｼﾏﾁｮｳ,北海道,松前郡福島町
01333,ｶﾐｲｿｸﾞﾝｼﾘｳﾁﾁｮｳ,北海道,上磯郡知内町
01334,ｶﾐｲｿｸﾞﾝｷｺﾅｲﾁｮｳ,北海道,上磯郡木古内町
01337,ｶﾒﾀﾞｸﾞﾝﾅﾅｴﾁｮｳ,北海道,亀田郡七飯町
01343,ｶﾔﾍﾞｸﾞﾝｼｶﾍﾞﾁｮｳ,北海道,茅部郡鹿部町
01345,ｶﾔﾍﾞｸﾞﾝﾓﾘﾏﾁ,北海道,茅部郡森町
01346,ﾌﾀﾐｸﾞﾝﾔｸﾓﾁｮｳ,北海道,二海郡八雲町
01347,ﾔﾏｺｼｸﾞﾝｵｼｬﾏﾝﾍﾞﾁｮｳ,北海道,山越郡長万部町
01361,ﾋﾔﾏｸﾞﾝｴｻｼﾁｮｳ,北海道,檜山郡江差町
01362,ﾋﾔﾏｸﾞﾝｶﾐﾉｸﾆﾁｮｳ,北海道,檜山郡上ノ国町
01363,ﾋﾔﾏｸﾞﾝｱｯｻﾌﾞﾁｮｳ,北海道,檜山郡厚沢部町
01364,ﾆｼｸﾞﾝｵﾄﾍﾞﾁｮｳ,北海道,爾志郡乙部町
01367,ｵｸｼﾘｸﾞﾝｵｸｼﾘﾁｮｳ,北海道,奥尻郡奥尻町
01370,ｾﾀﾅｸﾞﾝｲﾏｶﾈﾁｮｳ,北海道,瀬棚郡今金町
01371,ｸﾄﾞｳｸﾞﾝｾﾀﾅﾁｮｳ,北海道,久遠郡せたな町
01391,ｼﾏﾏｷｸﾞﾝｼﾏﾏｷﾑﾗ,北海道,島牧郡島牧村
01392,ｽｯﾂｸﾞﾝｽｯﾂﾁｮｳ,北海道,寿都郡寿都町
01393,ｽｯﾂｸﾞﾝｸﾛﾏﾂﾅｲﾁｮｳ,北海道,寿都郡黒松内町
01394,ｲｿﾔｸﾞﾝﾗﾝｺｼﾁｮｳ,北海道,磯谷郡蘭越町
01395,ｱﾌﾞﾀｸﾞﾝﾆｾｺﾁｮｳ,北海道,虻田郡ニセコ町
01396,ｱﾌﾞﾀｸﾞﾝﾏｯｶﾘﾑﾗ,北海道,虻田郡真狩村
01397,ｱﾌﾞﾀｸﾞﾝﾙｽﾂﾑﾗ,北海道,虻田郡留寿都村
01398,ｱﾌﾞﾀｸﾞﾝｷﾓﾍﾞﾂﾁｮｳ,北海道,虻田郡喜茂別町
01399,ｱﾌﾞﾀｸﾞﾝｷｮｳｺﾞｸﾁｮｳ,北海道,虻田郡京極町
01400,ｱﾌﾞﾀｸﾞﾝｸｯﾁｬﾝﾁｮｳ,北海道,虻田郡倶知安町
01401,ｲﾜﾅｲｸﾞﾝｷｮｳﾜﾁｮｳ,北海道,岩内郡共和町
01402,ｲﾜﾅｲｸﾞﾝｲﾜﾅｲﾁｮｳ,北海道,岩内郡岩内町
01403,ﾌﾙｳｸﾞﾝﾄﾏﾘﾑﾗ,北海道,古宇郡泊村
01404,ﾌﾙｳｸﾞﾝｶﾓｴﾅｲﾑﾗ,北海道,古宇郡神恵内村
01405,ｼｬｺﾀﾝｸﾞﾝｼｬｺﾀﾝﾁｮｳ,北海道,積丹郡積丹町
01406,ﾌﾙﾋﾞﾗｸﾞﾝﾌﾙﾋﾞﾗﾁｮｳ,北海道,古平郡古平町
01407,ﾖｲﾁｸﾞﾝﾆｷﾁｮｳ,北海道,余市郡仁木町
01408,ﾖｲﾁｸﾞﾝﾖｲﾁﾁｮｳ,北海道,余市郡余市町
01409,ﾖｲﾁｸﾞﾝｱｶｲｶﾞﾜﾑﾗ,北海道,余市郡赤井川村
01423,ｿﾗﾁｸﾞﾝﾅﾝﾎﾟﾛﾁｮｳ,北海道,空知郡南幌町
01424,ｿﾗﾁｸﾞﾝﾅｲｴﾁｮｳ,北海道,空知郡奈井江町
01425,ｿﾗﾁｸﾞﾝｶﾐｽﾅｶﾞﾜﾁｮｳ,北海道,空知郡上砂川町
01427,ﾕｳﾊﾞﾘｸﾞﾝﾕﾆﾁｮｳ,北海道,夕張郡由仁町
01428,ﾕｳﾊﾞﾘｸﾞﾝﾅｶﾞﾇﾏﾁｮｳ,北海道,夕張郡長沼町
01429,ﾕｳﾊﾞﾘｸﾞﾝｸﾘﾔﾏﾁｮｳ,北海道,夕張郡栗山町
01430,ｶﾊﾞﾄｸﾞﾝﾂｷｶﾞﾀﾁｮｳ,北海道,樺戸郡月形町
01431,ｶﾊﾞﾄｸﾞﾝｳﾗｳｽﾁｮｳ,北海道,樺戸郡浦臼町
01432,ｶﾊﾞﾄｸﾞﾝｼﾝﾄﾂｶﾜﾁｮｳ,北海道,樺戸郡新十津川町
01433,ｳﾘｭｳｸﾞﾝﾓｾｳｼﾁｮｳ,北海道,雨竜郡妹背牛町
01434,ｳﾘｭｳｸﾞﾝﾁｯﾌﾟﾍﾞﾂﾁｮｳ,北海道,雨竜郡秩父別町
01436,ｳﾘｭｳｸﾞﾝｳﾘｭｳﾁｮｳ,北海道,雨竜郡雨竜町
01437,ｳﾘｭｳｸﾞﾝﾎｸﾘｭｳﾁｮｳ,北海道,雨竜郡北竜町
01438,ｳﾘｭｳｸﾞﾝﾇﾏﾀﾁｮｳ,北海道,雨竜郡沼田町
01452,ｶﾐｶﾜｸﾞﾝﾀｶｽﾁｮｳ,北海道,上川郡鷹栖町
01453,ｶﾐｶﾜｸﾞﾝﾋｶﾞｼｶｸﾞﾗﾁｮｳ,北海道,上川郡東神楽町
01454,ｶﾐｶﾜｸﾞﾝﾄｳﾏﾁｮｳ,北海道,上川郡当麻町
01455,ｶﾐｶﾜｸﾞﾝﾋﾟｯﾌﾟﾁｮｳ,北海道,上川郡比布町
01456,ｶﾐｶﾜｸﾞﾝｱｲﾍﾞﾂﾁｮｳ,北海道,上川郡愛別町
01457,ｶﾐｶﾜｸﾞﾝｶﾐｶﾜﾁｮｳ,北海道,上川郡上川町
01458,ｶﾐｶﾜｸﾞﾝﾋｶﾞｼｶﾜﾁｮｳ,北海道,上川郡東川町
01459,ｶﾐｶﾜｸﾞﾝﾋﾞｴｲﾁｮｳ,北海道,上川郡美瑛町
01460,ｿﾗﾁｸﾞﾝｶﾐﾌﾗﾉﾁｮｳ,北海道,空知郡上富良野町
01461,ｿﾗﾁｸﾞﾝﾅｶﾌﾗﾉﾁｮｳ,北海道,空知郡中富良野町
01462,ｿﾗﾁｸﾞﾝﾐﾅﾐﾌﾗﾉﾁｮｳ,北海道,空知郡南富良野町
01463,ﾕｳﾌﾂｸﾞﾝｼﾑｶｯﾌﾟﾑﾗ,北海道,勇払郡占冠村
01464,ｶﾐｶﾜｸﾞﾝﾜｯｻﾑﾁｮｳ,北海道,上川郡和寒町
01465,ｶﾐｶﾜｸﾞﾝｹﾝﾌﾞﾁﾁｮｳ,北海道,上川郡剣淵町
01468,ｶﾐｶﾜｸﾞﾝｼﾓｶﾜﾁｮｳ,北海道,上川郡下川町
01469,ﾅｶｶﾞﾜｸﾞﾝﾋﾞﾌｶﾁｮｳ,北海道,中川郡美深町
01470,ﾅｶｶﾞﾜｸﾞﾝｵﾄｲﾈｯﾌﾟﾑﾗ,北海道,中川郡音威子府村
01471,ﾅｶｶﾞﾜｸﾞﾝﾅｶｶﾞﾜﾁｮｳ,北海道,中川郡中川町
01472,ｳﾘｭｳｸﾞﾝﾎﾛｶﾅｲﾁｮｳ,北海道,雨竜郡幌加内町
01481,ﾏｼｹｸﾞﾝﾏｼｹﾁｮｳ,北海道,増毛郡増毛町
01482,ﾙﾓｲｸﾞﾝｵﾋﾞﾗﾁｮｳ,北海道,留萌郡小平町
01483,ﾄﾏﾏｴｸﾞﾝﾄﾏﾏｴﾁｮｳ,北海道,苫前郡苫前町
01484,ﾄﾏﾏｴｸﾞﾝﾊﾎﾞﾛﾁｮｳ,北海道,苫前郡羽幌町
01485,ﾄﾏﾏｴｸﾞﾝｼｮｻﾝﾍﾞﾂﾑﾗ,北海道,苫前郡初山別村
01486,ﾃｼｵｸﾞﾝｴﾝﾍﾞﾂﾁｮｳ,北海道,天塩郡遠別町
01487,ﾃｼｵｸﾞﾝﾃｼｵﾁｮｳ,北海道,天塩郡天塩町
01511,ｿｳﾔｸﾞﾝｻﾙﾌﾂﾑﾗ,北海道,宗谷郡猿払村
01512,ｴｻｼｸﾞﾝﾊﾏﾄﾝﾍﾞﾂﾁｮｳ,北海道,枝幸郡浜頓別町
01513,ｴｻｼｸﾞﾝﾅｶﾄﾝﾍﾞﾂﾁｮｳ,北海道,枝幸郡中頓別町
01514,ｴｻｼｸﾞﾝｴｻｼﾁｮｳ,北海道,枝幸郡枝幸町
01516,ﾃｼｵｸﾞﾝﾄﾖﾄﾐﾁｮｳ,北海道,天塩郡豊富町
01517,ﾚﾌﾞﾝｸﾞﾝﾚﾌﾞﾝﾁｮｳ,北海道,礼文郡礼文町
01518,ﾘｼﾘｸﾞﾝﾘｼﾘﾁｮｳ,北海道,利尻郡利尻町
01519,ﾘｼﾘｸﾞﾝﾘｼﾘﾌｼﾞﾁｮｳ,北海道,利尻郡利尻富士町
01520,ﾃｼｵｸﾞﾝﾎﾛﾉﾍﾞﾁｮｳ,北海道,天塩郡幌延町
01543,ｱﾊﾞｼﾘｸﾞﾝﾋﾞﾎﾛﾁｮｳ,北海道,網走郡美幌町
01544,ｱﾊﾞｼﾘｸﾞﾝﾂﾍﾞﾂﾁｮｳ,北海道,網走郡津別町
01545,ｼｬﾘｸﾞﾝｼｬﾘﾁｮｳ,北海道,斜里郡斜里町
01546,ｼｬﾘｸﾞﾝｷﾖｻﾄﾁｮｳ,北海道,斜里郡清里町
01547,ｼｬﾘｸﾞﾝｺｼﾐｽﾞﾁｮｳ,北海道,斜里郡小清水町
01549,ﾄｺﾛｸﾞﾝｸﾝﾈｯﾌﾟﾁｮｳ,北海道,常呂郡訓子府町
01550,ﾄｺﾛｸﾞﾝｵｹﾄﾁｮｳ,北海道,常呂郡置戸町
01552,ﾄｺﾛｸﾞﾝｻﾛﾏﾁｮｳ,北海道,常呂郡佐呂間町
01555,ﾓﾝﾍﾞﾂｸﾞﾝｴﾝｶﾞﾙﾁｮｳ,北海道,紋別郡遠軽町
01559,ﾓﾝﾍﾞﾂｸﾞﾝﾕｳﾍﾞﾂﾁｮｳ,北海道,紋別郡湧別町
01560,ﾓﾝﾍﾞﾂｸﾞﾝﾀｷﾉｳｴﾁｮｳ,北海道,紋別郡滝上町
01561,ﾓﾝﾍﾞﾂｸﾞﾝｵｺｯﾍﾟﾁｮｳ,北海道,紋別郡興部町
01562,ﾓﾝﾍﾞﾂｸﾞﾝﾆｼｵｺｯﾍﾟﾑﾗ,北海道,紋別郡西興部村
01563,ﾓﾝﾍﾞﾂｸﾞﾝｵｳﾑﾁｮｳ,北海道,紋別郡雄武町
01564,ｱﾊﾞｼﾘｸﾞﾝｵｵｿﾞﾗﾁｮｳ,北海道,網走郡大空町
01571,ｱﾌﾞﾀｸﾞﾝﾄﾖｳﾗﾁｮｳ,北海道,虻田郡豊浦町
01575,ｳｽｸﾞﾝｿｳﾍﾞﾂﾁｮｳ,北海道,有珠郡壮瞥町
01578,ｼﾗｵｲｸﾞﾝｼﾗｵｲﾁｮｳ,北海道,白老郡白老町
01581,ﾕｳﾌﾂｸﾞﾝｱﾂﾏﾁｮｳ,北海道,勇払郡厚真町
01584,ｱﾌﾞﾀｸﾞﾝﾄｳﾔｺﾁｮｳ,北海道,虻田郡洞爺湖町
01585,ﾕｳﾌﾂｸﾞﾝｱﾋﾞﾗﾁｮｳ,北海道,勇払郡安平町
01586,ﾕｳﾌﾂｸﾞﾝﾑｶﾜﾁｮｳ,北海道,勇払郡むかわ町
01601,ｻﾙｸﾞﾝﾋﾀﾞｶﾁｮｳ,北海道,沙流郡日高町
01602,ｻﾙｸﾞﾝﾋﾞﾗﾄﾘﾁｮｳ,北海道,沙流郡平取町
01604,ﾆｲｶｯﾌﾟｸﾞﾝﾆｲｶｯﾌﾟﾁｮｳ,北海道,新冠郡新冠町
01607,ｳﾗｶﾜｸﾞﾝｳﾗｶﾜﾁｮｳ,北海道,浦河郡浦河町
01608,ｻﾏﾆｸﾞﾝｻﾏﾆﾁｮｳ,北海道,様似郡様似町
01609,ﾎﾛｲｽﾞﾐｸﾞﾝｴﾘﾓﾁｮｳ,北海道,幌泉郡えりも町
01610,ﾋﾀﾞｶｸﾞﾝｼﾝﾋﾀﾞｶﾁｮｳ,北海道,日高郡新ひだか町
01631,ｶﾄｳｸﾞﾝｵﾄﾌｹﾁｮｳ,北海道,河東郡音更町
01632,ｶﾄｳｸﾞﾝｼﾎﾛﾁｮｳ,北海道,河東郡士幌町
01633,ｶﾄｳｸﾞﾝｶﾐｼﾎﾛﾁｮｳ,北海道,河東郡上士幌町
01634,ｶﾄｳｸﾞﾝｼｶｵｲﾁｮｳ,北海道,河東郡鹿追町
01635,ｶﾐｶﾜｸﾞﾝｼﾝﾄｸﾁｮｳ,北海道,上川郡新得町
01636,ｶﾐｶﾜｸﾞﾝｼﾐｽﾞﾁｮｳ,北海道,上川郡清水町
01637,ｶｻｲｸﾞﾝﾒﾑﾛﾁｮｳ,北海道,河西郡芽室町
01638,ｶｻｲｸﾞﾝﾅｶｻﾂﾅｲﾑﾗ,北海道,河西郡中札内村
01639,ｶｻｲｸﾞﾝｻﾗﾍﾞﾂﾑﾗ,北海道,河西郡更別村
01641,ﾋﾛｵｸﾞﾝﾀｲｷﾁｮｳ,北海道,広尾郡大樹町
01642,ﾋﾛｵｸﾞﾝﾋﾛｵﾁｮｳ,北海道,広尾郡広尾町
01643,ﾅｶｶﾞﾜｸﾞﾝﾏｸﾍﾞﾂﾁｮｳ,北海道,中川郡幕別町
01644,ﾅｶｶﾞﾜｸﾞﾝｲｹﾀﾞﾁｮｳ,北海道,中川郡池田町
01645,ﾅｶｶﾞﾜｸﾞﾝﾄﾖｺﾛﾁｮｳ,北海道,中川郡豊頃町
01646,ﾅｶｶﾞﾜｸﾞﾝﾎﾝﾍﾞﾂﾁｮｳ,北海道,中川郡本別町
01647,ｱｼｮﾛｸﾞﾝｱｼｮﾛﾁｮｳ,北海道,足寄郡足寄町
01648,ｱｼｮﾛｸﾞﾝﾘｸﾍﾞﾂﾁｮｳ,北海道,足寄郡陸別町
01649,ﾄｶﾁｸﾞﾝｳﾗﾎﾛﾁｮｳ,北海道,十勝郡浦幌町
01661,ｸｼﾛｸﾞﾝｸｼﾛﾁｮｳ,北海道,釧路郡釧路町
01662,ｱｯｹｼｸﾞﾝｱｯｹｼﾁｮｳ,北海道,厚岸郡厚岸町
01663,ｱｯｹｼｸﾞﾝﾊﾏﾅｶﾁｮｳ,北海道,厚岸郡浜中町
01664,ｶﾜｶﾐｸﾞﾝｼﾍﾞﾁｬﾁｮｳ,北海道,川上郡標茶町
01665,ｶﾜｶﾐｸﾞﾝﾃｼｶｶﾞﾁｮｳ,北海道,川上郡弟子屈町
01667,ｱｶﾝｸﾞﾝﾂﾙｲﾑﾗ,北海道,阿寒郡鶴居村
01668,ｼﾗﾇｶｸﾞﾝｼﾗﾇｶﾁｮｳ,北海道,白糠郡白糠町
01691,ﾉﾂｹｸﾞﾝﾍﾞﾂｶｲﾁｮｳ,北海道,野付郡別海町
01692,ｼﾍﾞﾂｸﾞﾝﾅｶｼﾍﾞﾂﾁｮｳ,北海道,標津郡中標津町
01693,ｼﾍﾞﾂｸﾞﾝｼﾍﾞﾂﾁｮｳ,北海道,標津郡標津町
01694,ﾒﾅｼｸﾞﾝﾗｳｽﾁｮｳ,北海道,目梨郡羅臼町
02201,ｱｵﾓﾘｼ,青森県,青森市
02202,ﾋﾛｻｷｼ,青森県,弘前市
02203,ﾊﾁﾉﾍｼ,青森県,八戸市
02204,ｸﾛｲｼｼ,青森県,黒石市
02205,ｺﾞｼｮｶﾞﾜﾗｼ,青森県,五所川原市
02206,ﾄﾜﾀﾞｼ,青森県,十和田市
02207,ﾐｻﾜｼ,青森県,三沢市
02208,ﾑﾂｼ,青森県,むつ市
02209,ﾂｶﾞﾙｼ,青森県,つがる市
02210,ﾋﾗｶﾜｼ,青森県,平川市
02301,ﾋｶﾞｼﾂｶﾞﾙｸﾞﾝﾋﾗﾅｲﾏﾁ,青森県,東津軽郡平内町
02303,ﾋｶﾞｼﾂｶﾞﾙｸﾞﾝｲﾏﾍﾞﾂﾏﾁ,青森県,東津軽郡今別町
02304,ﾋｶﾞｼﾂｶﾞﾙｸﾞﾝﾖﾓｷﾞﾀﾑﾗ,青森県,東津軽郡蓬田村
02307,ﾋｶﾞｼﾂｶﾞﾙｸﾞﾝｿﾄｶﾞﾊﾏﾏﾁ,青森県,東津軽郡外ヶ浜町
02321,ﾆｼﾂｶﾞﾙｸﾞﾝｱｼﾞｶﾞｻﾜﾏﾁ,青森県,西津軽郡鰺ヶ沢町
02323,ﾆｼﾂｶﾞﾙｸﾞﾝﾌｶｳﾗﾏﾁ,青森県,西津軽郡深浦町
02343,ﾅｶﾂｶﾞﾙｸﾞﾝﾆｼﾒﾔﾑﾗ,青森県,中津軽郡西目屋村
02361,ﾐﾅﾐﾂｶﾞﾙｸﾞﾝﾌｼﾞｻｷﾏﾁ,青森県,南津軽郡藤崎町
02362,ﾐﾅﾐﾂｶﾞﾙｸﾞﾝｵｵﾜﾆﾏﾁ,青森県,南津軽郡大鰐町
02367,ﾐﾅﾐﾂｶﾞﾙｸﾞﾝｲﾅｶﾀﾞﾃﾑﾗ,青森県,南津軽郡田舎館村
02381,ｷﾀﾂｶﾞﾙｸﾞﾝｲﾀﾔﾅｷﾞﾏﾁ,青森県,北津軽郡板柳町
02384,ｷﾀﾂｶﾞﾙｸﾞﾝﾂﾙﾀﾏﾁ,青森県,北津軽郡鶴田町
02387,ｷﾀﾂｶﾞﾙｸﾞﾝﾅｶﾄﾞﾏﾘﾏﾁ,青森県,北津軽郡中泊町
02401,ｶﾐｷﾀｸﾞﾝﾉﾍｼﾞﾏﾁ,青森県,上北郡野辺地町
02402,ｶﾐｷﾀｸﾞﾝｼﾁﾉﾍﾏﾁ,青森県,上北郡七戸町
02405,ｶﾐｷﾀｸﾞﾝﾛｸﾉﾍﾏﾁ,青森県,上北郡六戸町
02406,ｶﾐｷﾀｸﾞﾝﾖｺﾊﾏﾏﾁ,青森県,上北郡横浜町
02408,ｶﾐｷﾀｸﾞﾝﾄｳﾎｸﾏﾁ,青森県,上北郡東北町
02411,ｶﾐｷﾀｸﾞﾝﾛｯｶｼｮﾑﾗ,青森県,上北郡六ヶ所村
02412,ｶﾐｷﾀｸﾞﾝｵｲﾗｾﾁｮｳ,青森県,上北郡おいらせ町
02423,ｼﾓｷﾀｸﾞﾝｵｵﾏﾏﾁ,青森県,下北郡大間町
02424,ｼﾓｷﾀｸﾞﾝﾋｶﾞｼﾄﾞｵﾘﾑﾗ,青森県,下北郡東通村
02425,ｼﾓｷﾀｸﾞﾝｶｻﾞﾏｳﾗﾑﾗ,青森県,下北郡風間浦村
02426,ｼﾓｷﾀｸﾞﾝｻｲﾑﾗ,青森県,下北郡佐井村
02441,ｻﾝﾉﾍｸﾞﾝｻﾝﾉﾍﾏﾁ,青森県,三戸郡三戸町
02442,ｻﾝﾉﾍｸﾞﾝｺﾞﾉﾍﾏﾁ,青森県,三戸郡五戸町
02443,ｻﾝﾉﾍｸﾞﾝﾀｯｺﾏﾁ,青森県,三戸郡田子町
02445,ｻﾝﾉﾍｸﾞﾝﾅﾝﾌﾞﾁｮｳ,青森県,三戸郡南部町
02446,ｻﾝﾉﾍｸﾞﾝﾊｼｶﾐﾁｮｳ,青森県,三戸郡階上町
02450,ｻﾝﾉﾍｸﾞﾝｼﾝｺﾞｳﾑﾗ,青森県,三戸郡新郷村
03201,ﾓﾘｵｶｼ,岩手県,盛岡市
03202,ﾐﾔｺｼ,岩手県,宮古市
03203,ｵｵﾌﾅﾄｼ,岩手県,大船渡市
03205,ﾊﾅﾏｷｼ,岩手県,花巻市
03206,ｷﾀｶﾐｼ,岩手県,北上市
03207,ｸｼﾞｼ,岩手県,久慈市
03208,ﾄｵﾉｼ,岩手県,遠野市
03209,ｲﾁﾉｾｷｼ,岩手県,一関市
03210,ﾘｸｾﾞﾝﾀｶﾀｼ,岩手県,陸前高田市
03211,ｶﾏｲｼｼ,岩手県,釜石市
03213,ﾆﾉﾍｼ,岩手県,二戸市
03214,ﾊﾁﾏﾝﾀｲｼ,岩手県,八幡平市
03215,ｵｳｼｭｳｼ,岩手県,奥州市
03216,ﾀｷｻﾞﾜｼ,岩手県,滝沢市
03301,ｲﾜﾃｸﾞﾝｼｽﾞｸｲｼﾁｮｳ,岩手県,岩手郡雫石町
03302,ｲﾜﾃｸﾞﾝｸｽﾞﾏｷﾏﾁ,岩手県,岩手郡葛巻町
03303,ｲﾜﾃｸﾞﾝｲﾜﾃﾏﾁ,岩手県,岩手郡岩手町
03321,ｼﾜｸﾞﾝｼﾜﾁｮｳ,岩手県,紫波郡紫波町
03322,ｼﾜｸﾞﾝﾔﾊﾊﾞﾁｮｳ,岩手県,紫波郡矢巾町
03366,ﾜｶﾞｸﾞﾝﾆｼﾜｶﾞﾏﾁ,岩手県,和賀郡西和賀町
03381,ｲｻﾜｸﾞﾝｶﾈｶﾞｻｷﾁｮｳ,岩手県,胆沢郡金ケ崎町
03402,ﾆｼｲﾜｲｸﾞﾝﾋﾗｲｽﾞﾐﾁｮｳ,岩手県,西磐井郡平泉町
03441,ｹｾﾝｸﾞﾝｽﾐﾀﾁｮｳ,岩手県,気仙郡住田町
03461,ｶﾐﾍｲｸﾞﾝｵｵﾂﾁﾁｮｳ,岩手県,上閉伊郡大槌町
03482,ｼﾓﾍｲｸﾞﾝﾔﾏﾀﾞﾏﾁ,岩手県,下閉伊郡山田町
03483,ｼﾓﾍｲｸﾞﾝｲﾜｲｽﾞﾐﾁｮｳ,岩手県,下閉伊郡岩泉町
03484,ｼﾓﾍｲｸﾞﾝﾀﾉﾊﾀﾑﾗ,岩手県,下閉伊郡田野畑村
03485,ｼﾓﾍｲｸﾞﾝﾌﾀﾞｲﾑﾗ,岩手県,下閉伊郡普代村
03501,ｸﾉﾍｸﾞﾝｶﾙﾏｲﾏﾁ,岩手県,九戸郡軽米町
03503,ｸﾉﾍｸﾞﾝﾉﾀﾞﾑﾗ,岩手県,九戸郡野田村
03506,ｸﾉﾍｸﾞﾝｸﾉﾍﾑﾗ,岩手県,九戸郡九戸村
03507,ｸﾉﾍｸﾞﾝﾋﾛﾉﾁｮｳ,岩手県,九戸郡洋野町
03524,ﾆﾉﾍｸﾞﾝｲﾁﾉﾍﾏﾁ,岩手県,二戸郡一戸町
04101,ｾﾝﾀﾞｲｼｱｵﾊﾞｸ,宮城県,仙台市青葉区
04102,ｾﾝﾀﾞｲｼﾐﾔｷﾞﾉｸ,宮城県,仙台市宮城野区
04103,ｾﾝﾀﾞｲｼﾜｶﾊﾞﾔｼｸ,宮城県,仙台市若林区
04104,ｾﾝﾀﾞｲｼﾀｲﾊｸｸ,宮城県,仙台市太白区
04105,ｾﾝﾀﾞｲｼｲｽﾞﾐｸ,宮城県,仙台市泉区
04202,ｲｼﾉﾏｷｼ,宮城県,石巻市
04203,ｼｵｶﾞﾏｼ,宮城県,塩竈市
04205,ｹｾﾝﾇﾏｼ,宮城県,気仙沼市
04206,ｼﾛｲｼｼ,宮城県,白石市
04207,ﾅﾄﾘｼ,宮城県,名取市
04208,ｶｸﾀﾞｼ,宮城県,角田市
04209,ﾀｶﾞｼﾞｮｳｼ,宮城県,多賀城市
04211,ｲﾜﾇﾏｼ,宮城県,岩沼市
04212,ﾄﾒｼ,宮城県,登米市
04213,ｸﾘﾊﾗｼ,宮城県,栗原市
04214,ﾋｶﾞｼﾏﾂｼﾏｼ,宮城県,東松島市
04215,ｵｵｻｷｼ,宮城県,大崎市
04216,ﾄﾐﾔｼ,宮城県,富谷市
04301,ｶｯﾀｸﾞﾝｻﾞｵｳﾏﾁ,宮城県,刈田郡蔵王町
04302,ｶｯﾀｸﾞﾝｼﾁｶｼｭｸﾏﾁ,宮城県,刈田郡七ヶ宿町
04321,ｼﾊﾞﾀｸﾞﾝｵｵｶﾞﾜﾗﾏﾁ,宮城県,柴田郡大河原町
04322,ｼﾊﾞﾀｸﾞﾝﾑﾗﾀﾏﾁ,宮城県,柴田郡村田町
04323,ｼﾊﾞﾀｸﾞﾝｼﾊﾞﾀﾏﾁ,宮城県,柴田郡柴田町
04324,ｼﾊﾞﾀｸﾞﾝｶﾜｻｷﾏﾁ,宮城県,柴田郡川崎町
04341,ｲｸﾞｸﾞﾝﾏﾙﾓﾘﾏﾁ,宮城県,伊具郡丸森町
04361,ﾜﾀﾘｸﾞﾝﾜﾀﾘﾁｮｳ,宮城県,亘理郡亘理町
04362,ﾜﾀﾘｸﾞﾝﾔﾏﾓﾄﾁｮｳ,宮城県,亘理郡山元町
04401,ﾐﾔｷﾞｸﾞﾝﾏﾂｼﾏﾏﾁ,宮城県,宮城郡松島町
04404,ﾐﾔｷﾞｸﾞﾝｼﾁｶﾞﾊﾏﾏﾁ,宮城県,宮城郡七ヶ浜町
04406,ﾐﾔｷﾞｸﾞﾝﾘﾌﾁｮｳ,宮城県,宮城郡利府町
04421,ｸﾛｶﾜｸﾞﾝﾀｲﾜﾁｮｳ,宮城県,黒川郡大和町
04422,ｸﾛｶﾜｸﾞﾝｵｵｻﾄﾁｮｳ,宮城県,黒川郡大郷町
04424,ｸﾛｶﾜｸﾞﾝｵｵﾋﾗﾑﾗ,宮城県,黒川郡大衡村
04444,ｶﾐｸﾞﾝｼｶﾏﾁｮｳ,宮城県,加美郡色麻町
04445,ｶﾐｸﾞﾝｶﾐﾏﾁ,宮城県,加美郡加美町
04501,ﾄｵﾀﾞｸﾞﾝﾜｸﾔﾁｮｳ,宮城県,遠田郡涌谷町
04505,ﾄｵﾀﾞｸﾞﾝﾐｻﾄﾏﾁ,宮城県,遠田郡美里町
04581,ｵｼｶｸﾞﾝｵﾅｶﾞﾜﾁｮｳ,宮城県,牡鹿郡女川町
04606,ﾓﾄﾖｼｸﾞﾝﾐﾅﾐｻﾝﾘｸﾁｮｳ,宮城県,本吉郡南三陸町
05201,ｱｷﾀｼ,秋田県,秋田市
05202,ﾉｼﾛｼ,秋田県,能代市
05203,ﾖｺﾃｼ,秋田県,横手市
05204,ｵｵﾀﾞﾃｼ,秋田県,大館市
05206,ｵｶﾞｼ,秋田県,男鹿市
05207,ﾕｻﾞﾜｼ,秋田県,湯沢市
05209,ｶﾂﾞﾉｼ,秋田県,鹿角市
05210,ﾕﾘﾎﾝｼﾞｮｳｼ,秋田県,由利本荘市
05211,ｶﾀｶﾞﾐｼ,秋田県,潟上市
05212,ﾀﾞｲｾﾝｼ,秋田県,大仙市
05213,ｷﾀｱｷﾀｼ,秋田県,北秋田市
05214,ﾆｶﾎｼ,秋田県,にかほ市
05215,ｾﾝﾎﾞｸｼ,秋田県,仙北市
05303,ｶﾂﾞﾉｸﾞﾝｺｻｶﾏﾁ,秋田県,鹿角郡小坂町
05327,ｷﾀｱｷﾀｸﾞﾝｶﾐｺｱﾆﾑﾗ,秋田県,北秋田郡上小阿仁村
05346,ﾔﾏﾓﾄｸﾞﾝﾌｼﾞｻﾄﾏﾁ,秋田県,山本郡藤里町
05348,ﾔﾏﾓﾄｸﾞﾝﾐﾀﾈﾁｮｳ,秋田県,山本郡三種町
05349,ﾔﾏﾓﾄｸﾞﾝﾊｯﾎﾟｳﾁｮｳ,秋田県,山本郡八峰町
05361,ﾐﾅﾐｱｷﾀｸﾞﾝｺﾞｼﾞｮｳﾒﾏﾁ,秋田県,南秋田郡五城目町
05363,ﾐﾅﾐｱｷﾀｸﾞﾝﾊﾁﾛｳｶﾞﾀﾏﾁ,秋田県,南秋田郡八郎潟町
05366,ﾐﾅﾐｱｷﾀｸﾞﾝｲｶﾜﾏﾁ,秋田県,南秋田郡井川町
05368,ﾐﾅﾐｱｷﾀｸﾞﾝｵｵｶﾞﾀﾑﾗ,秋田県,南秋田郡大潟村
05434,ｾﾝﾎﾞｸｸﾞﾝﾐｻﾄﾁｮｳ,秋田県,仙北郡美郷町
05463,ｵｶﾞﾁｸﾞﾝｳｺﾞﾏﾁ,秋田県,雄勝郡羽後町
05464,ｵｶﾞﾁｸﾞﾝﾋｶﾞｼﾅﾙｾﾑﾗ,秋田県,雄勝郡東成瀬村
06201,ﾔﾏｶﾞﾀｼ,山形県,山形市
06202,ﾖﾈｻﾞﾜｼ,山形県,米沢市
06203,ﾂﾙｵｶｼ,山形県,鶴岡市
06204,ｻｶﾀｼ,山形県,酒田市
06205,ｼﾝｼﾞｮｳｼ,山形県,新庄市
06206,ｻｶﾞｴｼ,山形県,寒河江市
06207,ｶﾐﾉﾔﾏｼ,山形県,上山市
06208,ﾑﾗﾔﾏｼ,山形県,村山市
06209,ﾅｶﾞｲｼ,山形県,長井市
06210,ﾃﾝﾄﾞｳｼ,山形県,天童市
06211,ﾋｶﾞｼﾈｼ,山形県,東根市
06212,ｵﾊﾞﾅｻﾞﾜｼ,山形県,尾花沢市
06213,ﾅﾝﾖｳｼ,山形県,南陽市
06301,ﾋｶﾞｼﾑﾗﾔﾏｸﾞﾝﾔﾏﾉﾍﾞﾏﾁ,山形県,東村山郡山辺町
06302,ﾋｶﾞｼﾑﾗﾔﾏｸﾞﾝﾅｶﾔﾏﾏﾁ,山形県,東村山郡中山町
06321,ﾆｼﾑﾗﾔﾏｸﾞﾝｶﾎｸﾁｮｳ,山形県,西村山郡河北町
06322,ﾆｼﾑﾗﾔﾏｸﾞﾝﾆｼｶﾜﾏﾁ,山形県,西村山郡西川町
06323,ﾆｼﾑﾗﾔﾏｸﾞﾝｱｻﾋﾏﾁ,山形県,西村山郡朝日町
06324,ﾆｼﾑﾗﾔﾏｸﾞﾝｵｵｴﾏﾁ,山形県,西村山郡大江町
06341,ｷﾀﾑﾗﾔﾏｸﾞﾝｵｵｲｼﾀﾞﾏﾁ,山形県,北村山郡大石田町
06361,ﾓｶﾞﾐｸﾞﾝｶﾈﾔﾏﾏﾁ,山形県,最上郡金山町
06362,ﾓｶﾞﾐｸﾞﾝﾓｶﾞﾐﾏﾁ,山形県,最上郡最上町
06363,ﾓｶﾞﾐｸﾞﾝﾌﾅｶﾞﾀﾏﾁ,山形県,最上郡舟形町
06364,ﾓｶﾞﾐｸﾞﾝﾏﾑﾛｶﾞﾜﾏﾁ,山形県,最上郡真室川町
06365,ﾓｶﾞﾐｸﾞﾝｵｵｸﾗﾑﾗ,山形県,最上郡大蔵村
06366,ﾓｶﾞﾐｸﾞﾝｻｹｶﾞﾜﾑﾗ,山形県,最上郡鮭川村
06367,ﾓｶﾞﾐｸﾞﾝﾄｻﾞﾜﾑﾗ,山形県,最上郡戸沢村
06381,ﾋｶﾞｼｵｷﾀﾏｸﾞﾝﾀｶﾊﾀﾏﾁ,山形県,東置賜郡高畠町
06382,ﾋｶﾞｼｵｷﾀﾏｸﾞﾝｶﾜﾆｼﾏﾁ,山形県,東置賜郡川西町
06401,ﾆｼｵｷﾀﾏｸﾞﾝｵｸﾞﾆﾏﾁ,山形県,西置賜郡小国町
06402,ﾆｼｵｷﾀﾏｸﾞﾝｼﾗﾀｶﾏﾁ,山形県,西置賜郡白鷹町
06403,ﾆｼｵｷﾀﾏｸﾞﾝｲｲﾃﾞﾏﾁ,山形県,西置賜郡飯豊町
06426,ﾋｶﾞｼﾀｶﾞﾜｸﾞﾝﾐｶﾜﾏﾁ,山形県,東田川郡三川町
06428,ﾋｶﾞｼﾀｶﾞﾜｸﾞﾝｼｮｳﾅｲﾏﾁ,山形県,東田川郡庄内町
06461,ｱｸﾐｸﾞﾝﾕｻﾞﾏﾁ,山形県,飽海郡遊佐町
07201,ﾌｸｼﾏｼ,福島県,福島市
07202,ｱｲﾂﾞﾜｶﾏﾂｼ,福島県,会津若松市
07203,ｺｵﾘﾔﾏｼ,福島県,郡山市
07204,ｲﾜｷｼ,福島県,いわき市
07205,ｼﾗｶﾜｼ,福島県,白河市
07207,ｽｶｶﾞﾜｼ,福島県,須賀川市
07208,ｷﾀｶﾀｼ,福島県,喜多方市
07209,ｿｳﾏｼ,福島県,相馬市
07210,ﾆﾎﾝﾏﾂｼ,福島県,二本松市
07211,ﾀﾑﾗｼ,福島県,田村市
07212,ﾐﾅﾐｿｳﾏｼ,福島県,南相馬市
07213,ﾀﾞﾃｼ,福島県,伊達市
07214,ﾓﾄﾐﾔｼ,福島県,本宮市
07301,ﾀﾞﾃｸﾞﾝｺｵﾘﾏﾁ,福島県,伊達郡桑折町
07303,ﾀﾞﾃｸﾞﾝｸﾆﾐﾏﾁ,福島県,伊達郡国見町
07308,ﾀﾞﾃｸﾞﾝｶﾜﾏﾀﾏﾁ,福島県,伊達郡川俣町
07322,ｱﾀﾞﾁｸﾞﾝｵｵﾀﾏﾑﾗ,福島県,安達郡大玉村
07342,ｲﾜｾｸﾞﾝｶｶﾞﾐｲｼﾏﾁ,福島県,岩瀬郡鏡石町
07344,ｲﾜｾｸﾞﾝﾃﾝｴｲﾑﾗ,福島県,岩瀬郡天栄村
07362,ﾐﾅﾐｱｲﾂﾞｸﾞﾝｼﾓｺﾞｳﾏﾁ,福島県,南会津郡下郷町
07364,ﾐﾅﾐｱｲﾂﾞｸﾞﾝﾋﾉｴﾏﾀﾑﾗ,福島県,南会津郡檜枝岐村
07367,ﾐﾅﾐｱｲﾂﾞｸﾞﾝﾀﾀﾞﾐﾏﾁ,福島県,南会津郡只見町
07368,ﾐﾅﾐｱｲﾂﾞｸﾞﾝﾐﾅﾐｱｲﾂﾞﾏﾁ,福島県,南会津郡南会津町
07402,ﾔﾏｸﾞﾝｷﾀｼｵﾊﾞﾗﾑﾗ,福島県,耶麻郡北塩原村
07405,ﾔﾏｸﾞﾝﾆｼｱｲﾂﾞﾏﾁ,福島県,耶麻郡西会津町
07407,ﾔﾏｸﾞﾝﾊﾞﾝﾀﾞｲﾏﾁ,福島県,耶麻郡磐梯町
07408,ﾔﾏｸﾞﾝｲﾅﾜｼﾛﾏﾁ,福島県,耶麻郡猪苗代町
07421,ｶﾜﾇﾏｸﾞﾝｱｲﾂﾞﾊﾞﾝｹﾞﾏﾁ,福島県,河沼郡会津坂下町
07422,ｶﾜﾇﾏｸﾞﾝﾕｶﾞﾜﾑﾗ,福島県,河沼郡湯川村
07423,ｶﾜﾇﾏｸﾞﾝﾔﾅｲﾂﾞﾏﾁ,福島県,河沼郡柳津町
07444,ｵｵﾇﾏｸﾞﾝﾐｼﾏﾏﾁ,福島県,大沼郡三島町
07445,ｵｵﾇﾏｸﾞﾝｶﾈﾔﾏﾏﾁ,福島県,大沼郡金山町
07446,ｵｵﾇﾏｸﾞﾝｼｮｳﾜﾑﾗ,福島県,大沼郡昭和村
07447,ｵｵﾇﾏｸﾞﾝｱｲﾂﾞﾐｻﾄﾏﾁ,福島県,大沼郡会津美里町
07461,ﾆｼｼﾗｶﾜｸﾞﾝﾆｼｺﾞｳﾑﾗ,福島県,西白河郡西郷村
07464,ﾆｼｼﾗｶﾜｸﾞﾝｲｽﾞﾐｻﾞｷﾑﾗ,福島県,西白河郡泉崎村
07465,ﾆｼｼﾗｶﾜｸﾞﾝﾅｶｼﾞﾏﾑﾗ,福島県,西白河郡中島村
07466,ﾆｼｼﾗｶﾜｸﾞﾝﾔﾌﾞｷﾏﾁ,福島県,西白河郡矢吹町
07481,ﾋｶﾞｼｼﾗｶﾜｸﾞﾝﾀﾅｸﾞﾗﾏﾁ,福島県,東白川郡棚倉町
07482,ﾋｶﾞｼｼﾗｶﾜｸﾞﾝﾔﾏﾂﾘﾏﾁ,福島県,東白川郡矢祭町
07483,ﾋｶﾞｼｼﾗｶﾜｸﾞﾝﾊﾅﾜﾏﾁ,福島県,東白川郡塙町
07484,ﾋｶﾞｼｼﾗｶﾜｸﾞﾝｻﾒｶﾞﾜﾑﾗ,福島県,東白川郡鮫川村
07501,ｲｼｶﾜｸﾞﾝｲｼｶﾜﾏﾁ,福島県,石川郡石川町
07502,ｲｼｶﾜｸﾞﾝﾀﾏｶﾜﾑﾗ,福島県,石川郡玉川村
07503,ｲｼｶﾜｸﾞﾝﾋﾗﾀﾑﾗ,福島県,石川郡平田村
07504,ｲｼｶﾜｸﾞﾝｱｻｶﾜﾏﾁ,福島県,石川郡浅川町
07505,ｲｼｶﾜｸﾞﾝﾌﾙﾄﾞﾉﾏﾁ,福島県,石川郡古殿町
07521,ﾀﾑﾗｸﾞﾝﾐﾊﾙﾏﾁ,福島県,田村郡三春町
07522,ﾀﾑﾗｸﾞﾝｵﾉﾏﾁ,福島県,田村郡小野町
07541,ﾌﾀﾊﾞｸﾞﾝﾋﾛﾉﾏﾁ,福島県,双葉郡広野町
07542,ﾌﾀﾊﾞｸﾞﾝﾅﾗﾊﾏﾁ,福島県,双葉郡楢葉町
07543,ﾌﾀﾊﾞｸﾞﾝﾄﾐｵｶﾏﾁ,福島県,双葉郡富岡町
07544,ﾌﾀﾊﾞｸﾞﾝｶﾜｳﾁﾑﾗ,福島県,双葉郡川内村
07545,ﾌﾀﾊﾞｸﾞﾝｵｵｸﾏﾏﾁ,福島県,双葉郡大熊町
07546,ﾌﾀﾊﾞｸﾞﾝﾌﾀﾊﾞﾏﾁ,福島県,双葉郡双葉町
07547,ﾌﾀﾊﾞｸﾞﾝﾅﾐｴﾏﾁ,福島県,双葉郡浪江町
07548,ﾌﾀﾊﾞｸﾞﾝｶﾂﾗｵﾑﾗ,福島県,双葉郡葛尾村
07561,ｿｳﾏｸﾞﾝｼﾝﾁﾏﾁ,福島県,相馬郡新地町
07564,ｿｳﾏｸﾞﾝｲｲﾀﾃﾑﾗ,福島県,相馬郡飯舘村
08201,ﾐﾄｼ,茨城県,水戸市
08202,ﾋﾀﾁｼ,茨城県,日立市
08203,ﾂﾁｳﾗｼ,茨城県,土浦市
08204,ｺｶﾞｼ,茨城県,古河市
08205,ｲｼｵｶｼ,茨城県,石岡市
08207,ﾕｳｷｼ,茨城県,結城市
08208,ﾘｭｳｶﾞｻｷｼ,茨城県,龍ケ崎市
08210,ｼﾓﾂﾏｼ,茨城県,下妻市
08211,ｼﾞｮｳｿｳｼ,茨城県,常総市
08212,ﾋﾀﾁｵｵﾀｼ,茨城県,常陸太田市
08214,ﾀｶﾊｷﾞｼ,茨城県,高萩市
08215,ｷﾀｲﾊﾞﾗｷｼ,茨城県,北茨城市
08216,ｶｻﾏｼ,茨城県,笠間市
08217,ﾄﾘﾃﾞｼ,茨城県,取手市
08219,ｳｼｸｼ,茨城県,牛久市
08220,ﾂｸﾊﾞｼ,茨城県,つくば市
08221,ﾋﾀﾁﾅｶｼ,茨城県,ひたちなか市
08222,ｶｼﾏｼ,茨城県,鹿嶋市
08223,ｲﾀｺｼ,茨城県,潮来市
08224,ﾓﾘﾔｼ,茨城県,守谷市
08225,ﾋﾀﾁｵｵﾐﾔｼ,茨城県,常陸大宮市
08226,ﾅｶｼ,茨城県,那珂市
08227,ﾁｸｾｲｼ,茨城県,筑西市
08228,ﾊﾞﾝﾄﾞｳｼ,茨城県,坂東市
08229,ｲﾅｼｷｼ,茨城県,稲敷市
08230,ｶｽﾐｶﾞｳﾗｼ,茨城県,かすみがうら市
08231,ｻｸﾗｶﾞﾜｼ,茨城県,桜川市
08232,ｶﾐｽｼ,茨城県,神栖市
08233,ﾅﾒｶﾞﾀｼ,茨城県,行方市
08234,ﾎｺﾀｼ,茨城県,鉾田市
08235,ﾂｸﾊﾞﾐﾗｲｼ,茨城県,つくばみらい市
08236,ｵﾐﾀﾏｼ,茨城県,小美玉市
08302,ﾋｶﾞｼｲﾊﾞﾗｷｸﾞﾝｲﾊﾞﾗｷﾏﾁ,茨城県,東茨城郡茨城町
08309,ﾋｶﾞｼｲﾊﾞﾗｷｸﾞﾝｵｵｱﾗｲﾏﾁ,茨城県,東茨城郡大洗町
08310,ﾋｶﾞｼｲﾊﾞﾗｷｸﾞﾝｼﾛｻﾄﾏﾁ,茨城県,東茨城郡城里町
08341,ﾅｶｸﾞﾝﾄｳｶｲﾑﾗ,茨城県,那珂郡東海村
08364,ｸｼﾞｸﾞﾝﾀﾞｲｺﾞﾏﾁ,茨城県,久慈郡大子町
08442,ｲﾅｼｷｸﾞﾝﾐﾎﾑﾗ,茨城県,稲敷郡美浦村
08443,ｲﾅｼｷｸﾞﾝｱﾐﾏﾁ,茨城県,稲敷郡阿見町
08447,ｲﾅｼｷｸﾞﾝｶﾜﾁﾏﾁ,茨城県,稲敷郡河内町
08521,ﾕｳｷｸﾞﾝﾔﾁﾖﾏﾁ,茨城県,結城郡八千代町
08542,ｻｼﾏｸﾞﾝｺﾞｶﾏﾁ,茨城県,猿島郡五霞町
08546,ｻｼﾏｸﾞﾝｻｶｲﾏﾁ,茨城県,猿島郡境町
08564,ｷﾀｿｳﾏｸﾞﾝﾄﾈﾏﾁ,茨城県,北相馬郡利根町
09201,ｳﾂﾉﾐﾔｼ,栃木県,宇都宮市
09202,ｱｼｶｶﾞｼ,栃木県,足利市
09203,ﾄﾁｷﾞｼ,栃木県,栃木市
09204,ｻﾉｼ,栃木県,佐野市
09205,ｶﾇﾏｼ,栃木県,鹿沼市
09206,ﾆｯｺｳｼ,栃木県,日光市
09208,ｵﾔﾏｼ,栃木県,小山市
09209,ﾓｵｶｼ,栃木県,真岡市
09210,ｵｵﾀﾜﾗｼ,栃木県,大田原市
09211,ﾔｲﾀｼ,栃木県,矢板市
09213,ﾅｽｼｵﾊﾞﾗｼ,栃木県,那須塩原市
09214,ｻｸﾗｼ,栃木県,さくら市
09215,ﾅｽｶﾗｽﾔﾏｼ,栃木県,那須烏山市
09216,ｼﾓﾂｹｼ,栃木県,下野市
09301,ｶﾜﾁｸﾞﾝｶﾐﾉｶﾜﾏﾁ,栃木県,河内郡上三川町
09342,ﾊｶﾞｸﾞﾝﾏｼｺﾏﾁ,栃木県,芳賀郡益子町
09343,ﾊｶﾞｸﾞﾝﾓﾃｷﾞﾏﾁ,栃木県,芳賀郡茂木町
09344,ﾊｶﾞｸﾞﾝｲﾁｶｲﾏﾁ,栃木県,芳賀郡市貝町
09345,ﾊｶﾞｸﾞﾝﾊｶﾞﾏﾁ,栃木県,芳賀郡芳賀町
09361,ｼﾓﾂｶﾞｸﾞﾝﾐﾌﾞﾏﾁ,栃木県,下都賀郡壬生町
09364,ｼﾓﾂｶﾞｸﾞﾝﾉｷﾞﾏﾁ,栃木県,下都賀郡野木町
09384,ｼｵﾔｸﾞﾝｼｵﾔﾏﾁ,栃木県,塩谷郡塩谷町
09386,ｼｵﾔｸﾞﾝﾀｶﾈｻﾞﾜﾏﾁ,栃木県,塩谷郡高根沢町
09407,ﾅｽｸﾞﾝﾅｽﾏﾁ,栃木県,那須郡那須町
09411,ﾅｽｸﾞﾝﾅｶｶﾞﾜﾏﾁ,栃木県,那須郡那珂川町
10201,ﾏｴﾊﾞｼｼ,群馬県,前橋市
10202,ﾀｶｻｷｼ,群馬県,高崎市
10203,ｷﾘｭｳｼ,群馬県,桐生市
10204,ｲｾｻｷｼ,群馬県,伊勢崎市
10205,ｵｵﾀｼ,群馬県,太田市
10206,ﾇﾏﾀｼ,群馬県,沼田市
10207,ﾀﾃﾊﾞﾔｼｼ,群馬県,館林市
10208,ｼﾌﾞｶﾜｼ,群馬県,渋川市
10209,ﾌｼﾞｵｶｼ,群馬県,藤岡市
10210,ﾄﾐｵｶｼ,群馬県,富岡市
10211,ｱﾝﾅｶｼ,群馬県,安中市
10212,ﾐﾄﾞﾘｼ,群馬県,みどり市
10344,ｷﾀｸﾞﾝﾏｸﾞﾝｼﾝﾄｳﾑﾗ,群馬県,北群馬郡榛東村
10345,ｷﾀｸﾞﾝﾏｸﾞﾝﾖｼｵｶﾏﾁ,群馬県,北群馬郡吉岡町
10366,ﾀﾉｸﾞﾝｳｴﾉﾑﾗ,群馬県,多野郡上野村
10367,ﾀﾉｸﾞﾝｶﾝﾅﾏﾁ,群馬県,多野郡神流町
10382,ｶﾝﾗｸﾞﾝｼﾓﾆﾀﾏﾁ,群馬県,甘楽郡下仁田町
10383,ｶﾝﾗｸﾞﾝﾅﾝﾓｸﾑﾗ,群馬県,甘楽郡南牧村
10384,ｶﾝﾗｸﾞﾝｶﾝﾗﾏﾁ,群馬県,甘楽郡甘楽町
10421,ｱｶﾞﾂﾏｸﾞﾝﾅｶﾉｼﾞｮｳﾏﾁ,群馬県,吾妻郡中之条町
10424,ｱｶﾞﾂﾏｸﾞﾝﾅｶﾞﾉﾊﾗﾏﾁ,群馬県,吾妻郡長野原町
10425,ｱｶﾞﾂﾏｸﾞﾝﾂﾏｺﾞｲﾑﾗ,群馬県,吾妻郡嬬恋村
10426,ｱｶﾞﾂﾏｸﾞﾝｸｻﾂﾏﾁ,群馬県,吾妻郡草津町
10428,ｱｶﾞﾂﾏｸﾞﾝﾀｶﾔﾏﾑﾗ,群馬県,吾妻郡高山村
10429,ｱｶﾞﾂﾏｸﾞﾝﾋｶﾞｼｱｶﾞﾂﾏﾏﾁ,群馬県,吾妻郡東吾妻町
10443,ﾄﾈｸﾞﾝｶﾀｼﾅﾑﾗ,群馬県,利根郡片品村
10444,ﾄﾈｸﾞﾝｶﾜﾊﾞﾑﾗ,群馬県,利根郡川場村
10448,ﾄﾈｸﾞﾝｼｮｳﾜﾑﾗ,群馬県,利根郡昭和村
10449,ﾄﾈｸﾞﾝﾐﾅｶﾐﾏﾁ,群馬県,利根郡みなかみ町
10464,ｻﾜｸﾞﾝﾀﾏﾑﾗﾏﾁ,群馬県,佐波郡玉村町
10521,ｵｳﾗｸﾞﾝｲﾀｸﾗﾏﾁ,群馬県,邑楽郡板倉町
10522,ｵｳﾗｸﾞﾝﾒｲﾜﾏﾁ,群馬県,邑楽郡明和町
10523,ｵｳﾗｸﾞﾝﾁﾖﾀﾞﾏﾁ,群馬県,邑楽郡千代田町
10524,ｵｳﾗｸﾞﾝｵｵｲｽﾞﾐﾏﾁ,群馬県,邑楽郡大泉町
10525,ｵｳﾗｸﾞﾝｵｳﾗﾏﾁ,群馬県,邑楽郡邑楽町
11101,ｻｲﾀﾏｼﾆｼｸ,埼玉県,さいたま市西区
11102,ｻｲﾀﾏｼｷﾀｸ,埼玉県,さいたま市北区
11103,ｻｲﾀﾏｼｵｵﾐﾔｸ,埼玉県,さいたま市大宮区
11104,ｻｲﾀﾏｼﾐﾇﾏｸ,埼玉県,さいたま市見沼区
11105,ｻｲﾀﾏｼﾁｭｳｵｳｸ,埼玉県,さいたま市中央区
11106,ｻｲﾀﾏｼｻｸﾗｸ,埼玉県,さいたま市桜区
11107,ｻｲﾀﾏｼｳﾗﾜｸ,埼玉県,さいたま市浦和区
11108,ｻｲﾀﾏｼﾐﾅﾐｸ,埼玉県,さいたま市南区
11109,ｻｲﾀﾏｼﾐﾄﾞﾘｸ,埼玉県,さいたま市緑区
11110,ｻｲﾀﾏｼｲﾜﾂｷｸ,埼玉県,さいたま市岩槻区
11201,ｶﾜｺﾞｴｼ,埼玉県,川越市
11202,ｸﾏｶﾞﾔｼ,埼玉県,熊谷市
11203,ｶﾜｸﾞﾁｼ,埼玉県,川口市
11206,ｷﾞｮｳﾀﾞｼ,埼玉県,行田市
11207,ﾁﾁﾌﾞｼ,埼玉県,秩父市
11208,ﾄｺﾛｻﾞﾜｼ,埼玉県,所沢市
11209,ﾊﾝﾉｳｼ,埼玉県,飯能市
11210,ｶｿﾞｼ,埼玉県,加須市
11211,ﾎﾝｼﾞｮｳｼ,埼玉県,本庄市
11212,ﾋｶﾞｼﾏﾂﾔﾏｼ,埼玉県,東松山市
11214,ｶｽｶﾍﾞｼ,埼玉県,春日部市
11215,ｻﾔﾏｼ,埼玉県,狭山市
11216,ﾊﾆｭｳｼ,埼玉県,羽生市
11217,ｺｳﾉｽｼ,埼玉県,鴻巣市
11218,ﾌｶﾔｼ,埼玉県,深谷市
11219,ｱｹﾞｵｼ,埼玉県,上尾市
11221,ｿｳｶｼ,埼玉県,草加市
11222,ｺｼｶﾞﾔｼ,埼玉県,越谷市
11223,ﾜﾗﾋﾞｼ,埼玉県,蕨市
11224,ﾄﾀﾞｼ,埼玉県,戸田市
11225,ｲﾙﾏｼ,埼玉県,入間市
11227,ｱｻｶｼ,埼玉県,朝霞市
11228,ｼｷｼ,埼玉県,志木市
11229,ﾜｺｳｼ,埼玉県,和光市
11230,ﾆｲｻﾞｼ,埼玉県,新座市
11231,ｵｹｶﾞﾜｼ,埼玉県,桶川市
11232,ｸｷｼ,埼玉県,久喜市
11233,ｷﾀﾓﾄｼ,埼玉県,北本市
11234,ﾔｼｵｼ,埼玉県,八潮市
11235,ﾌｼﾞﾐｼ,埼玉県,富士見市
11237,ﾐｻﾄｼ,埼玉県,三郷市
11238,ﾊｽﾀﾞｼ,埼玉県,蓮田市
11239,ｻｶﾄﾞｼ,埼玉県,坂戸市
11240,ｻｯﾃｼ,埼玉県,幸手市
11241,ﾂﾙｶﾞｼﾏｼ,埼玉県,鶴ヶ島市
11242,ﾋﾀﾞｶｼ,埼玉県,日高市
11243,ﾖｼｶﾜｼ,埼玉県,吉川市
11245,ﾌｼﾞﾐﾉｼ,埼玉県,ふじみ野市
11246,ｼﾗｵｶｼ,埼玉県,白岡市
11301,ｷﾀｱﾀﾞﾁｸﾞﾝｲﾅﾏﾁ,埼玉県,北足立郡伊奈町
11324,ｲﾙﾏｸﾞﾝﾐﾖｼﾏﾁ,埼玉県,入間郡三芳町
11326,ｲﾙﾏｸﾞﾝﾓﾛﾔﾏﾏﾁ,埼玉県,入間郡毛呂山町
11327,ｲﾙﾏｸﾞﾝｵｺﾞｾﾏﾁ,埼玉県,入間郡越生町
11341,ﾋｷｸﾞﾝﾅﾒｶﾞﾜﾏﾁ,埼玉県,比企郡滑川町
11342,ﾋｷｸﾞﾝﾗﾝｻﾞﾝﾏﾁ,埼玉県,比企郡嵐山町
11343,ﾋｷｸﾞﾝｵｶﾞﾜﾏﾁ,埼玉県,比企郡小川町
11346,ﾋｷｸﾞﾝｶﾜｼﾞﾏﾏﾁ,埼玉県,比企郡川島町
11347,ﾋｷｸﾞﾝﾖｼﾐﾏﾁ,埼玉県,比企郡吉見町
11348,ﾋｷｸﾞﾝﾊﾄﾔﾏﾏﾁ,埼玉県,比企郡鳩山町
11349,ﾋｷｸﾞﾝﾄｷｶﾞﾜﾏﾁ,埼玉県,比企郡ときがわ町
11361,ﾁﾁﾌﾞｸﾞﾝﾖｺｾﾞﾏﾁ,埼玉県,秩父郡横瀬町
11362,ﾁﾁﾌﾞｸﾞﾝﾐﾅﾉﾏﾁ,埼玉県,秩父郡皆野町
11363,ﾁﾁﾌﾞｸﾞﾝﾅｶﾞﾄﾛﾏﾁ,埼玉県,秩父郡長瀞町
11365,ﾁﾁﾌﾞｸﾞﾝｵｶﾞﾉﾏﾁ,埼玉県,秩父郡小鹿野町
11369,ﾁﾁﾌﾞｸﾞﾝﾋｶﾞｼﾁﾁﾌﾞﾑﾗ,埼玉県,秩父郡東秩父村
11381,ｺﾀﾞﾏｸﾞﾝﾐｻﾄﾏﾁ,埼玉県,児玉郡美里町
11383,ｺﾀﾞﾏｸﾞﾝｶﾐｶﾜﾏﾁ,埼玉県,児玉郡神川町
11385,ｺﾀﾞﾏｸﾞﾝｶﾐｻﾄﾏﾁ,埼玉県,児玉郡上里町
11408,ｵｵｻﾄｸﾞﾝﾖﾘｲﾏﾁ,埼玉県,大里郡寄居町
11442,ﾐﾅﾐｻｲﾀﾏｸﾞﾝﾐﾔｼﾛﾏﾁ,埼玉県,南埼玉郡宮代町
11464,ｷﾀｶﾂｼｶｸﾞﾝｽｷﾞﾄﾏﾁ,埼玉県,北葛飾郡杉戸町
11465,ｷﾀｶﾂｼｶｸﾞﾝﾏﾂﾌﾞｼﾏﾁ,埼玉県,北葛飾郡松伏町
12101,ﾁﾊﾞｼﾁｭｳｵｳｸ,千葉県,千葉市中央区
12102,ﾁﾊﾞｼﾊﾅﾐｶﾞﾜｸ,千葉県,千葉市花見川区
12103,ﾁﾊﾞｼｲﾅｹﾞｸ,千葉県,千葉市稲毛区
12104,ﾁﾊﾞｼﾜｶﾊﾞｸ,千葉県,千葉市若葉区
12105,ﾁﾊﾞｼﾐﾄﾞﾘｸ,千葉県,千葉市緑区
12106,ﾁﾊﾞｼﾐﾊﾏｸ,千葉県,千葉市美浜区
12202,ﾁｮｳｼｼ,千葉県,銚子市
12203,ｲﾁｶﾜｼ,千葉県,市川市
12204,ﾌﾅﾊﾞｼｼ,千葉県,船橋市
12205,ﾀﾃﾔﾏｼ,千葉県,館山市
12206,ｷｻﾗﾂﾞｼ,千葉県,木更津市
12207,ﾏﾂﾄﾞｼ,千葉県,松戸市
12208,ﾉﾀﾞｼ,千葉県,野田市
12210,ﾓﾊﾞﾗｼ,千葉県,茂原市
12211,ﾅﾘﾀｼ,千葉県,成田市
12212,ｻｸﾗｼ,千葉県,佐倉市
12213,ﾄｳｶﾞﾈｼ,千葉県,東金市
12215,ｱｻﾋｼ,千葉県,旭市
12216,ﾅﾗｼﾉｼ,千葉県,習志野市
12217,ｶｼﾜｼ,千葉県,柏市
12218,ｶﾂｳﾗｼ,千葉県,勝浦市
12219,ｲﾁﾊﾗｼ,千葉県,市原市
12220,ﾅｶﾞﾚﾔﾏｼ,千葉県,流山市
12221,ﾔﾁﾖｼ,千葉県,八千代市
12222,ｱﾋﾞｺｼ,千葉県,我孫子市
12223,ｶﾓｶﾞﾜｼ,千葉県,鴨川市
12224,ｶﾏｶﾞﾔｼ,千葉県,鎌ケ谷市
12225,ｷﾐﾂｼ,千葉県,君津市
12226,ﾌｯﾂｼ,千葉県,富津市
12227,ｳﾗﾔｽｼ,千葉県,浦安市
12228,ﾖﾂｶｲﾄﾞｳｼ,千葉県,四街道市
12229,ｿﾃﾞｶﾞｳﾗｼ,千葉県,袖ケ浦市
12230,ﾔﾁﾏﾀｼ,千葉県,八街市
12231,ｲﾝｻﾞｲｼ,千葉県,印西市
12232,ｼﾛｲｼ,千葉県,白井市
12233,ﾄﾐｻﾄｼ,千葉県,富里市
12234,ﾐﾅﾐﾎﾞｳｿｳｼ,千葉県,南房総市
12235,ｿｳｻｼ,千葉県,匝瑳市
12236,ｶﾄﾘｼ,千葉県,香取市
12237,ｻﾝﾑｼ,千葉県,山武市
12238,ｲｽﾐｼ,千葉県,いすみ市
12239,ｵｵｱﾐｼﾗｻﾄｼ,千葉県,大網白里市
12322,ｲﾝﾊﾞｸﾞﾝｼｽｲﾏﾁ,千葉県,印旛郡酒々井町
12329,ｲﾝﾊﾞｸﾞﾝｻｶｴﾏﾁ,千葉県,印旛郡栄町
12342,ｶﾄﾘｸﾞﾝｺｳｻﾞｷﾏﾁ,千葉県,香取郡神崎町
12347,ｶﾄﾘｸﾞﾝﾀｺﾏﾁ,千葉県,香取郡多古町
12349,ｶﾄﾘｸﾞﾝﾄｳﾉｼｮｳﾏﾁ,千葉県,香取郡東庄町
12403,ｻﾝﾌﾞｸﾞﾝｸｼﾞｭｳｸﾘﾏﾁ,千葉県,山武郡九十九里町
12409,ｻﾝﾌﾞｸﾞﾝｼﾊﾞﾔﾏﾏﾁ,千葉県,山武郡芝山町
12410,ｻﾝﾌﾞｸﾞﾝﾖｺｼﾊﾞﾋｶﾘﾏﾁ,千葉県,山武郡横芝光町
12421,ﾁｮｳｾｲｸﾞﾝｲﾁﾉﾐﾔﾏﾁ,千葉県,長生郡一宮町
12422,ﾁｮｳｾｲｸﾞﾝﾑﾂｻﾞﾜﾏﾁ,千葉県,長生郡睦沢町
12423,ﾁｮｳｾｲｸﾞﾝﾁｮｳｾｲﾑﾗ,千葉県,長生郡長生村
12424,ﾁｮｳｾｲｸﾞﾝｼﾗｺﾏﾁ,千葉県,長生郡白子町
12426,ﾁｮｳｾｲｸﾞﾝﾅｶﾞﾗﾏﾁ,千葉県,長生郡長柄町
12427,ﾁｮｳｾｲｸﾞﾝﾁｮｳﾅﾝﾏﾁ,千葉県,長生郡長南町
12441,ｲｽﾐｸﾞﾝｵｵﾀｷﾏﾁ,千葉県,夷隅郡大多喜町
12443,ｲｽﾐｸﾞﾝｵﾝｼﾞｭｸﾏﾁ,千葉県,夷隅郡御宿町
12463,ｱﾜｸﾞﾝｷｮﾅﾝﾏﾁ,千葉県,安房郡鋸南町
13101,ﾁﾖﾀﾞｸ,東京都,千代田区
13102,ﾁｭｳｵｳｸ,東京都,中央区
13103,ﾐﾅﾄｸ,東京都,港区
13104,ｼﾝｼﾞｭｸｸ,東京都,新宿区
13105,ﾌﾞﾝｷｮｳｸ,東京都,文京区
13106,ﾀｲﾄｳｸ,東京都,台東区
13107,ｽﾐﾀﾞｸ,東京都,墨田区
13108,ｺｳﾄｳｸ,東京都,江東区
13109,ｼﾅｶﾞﾜｸ,東京都,品川区
13110,ﾒｸﾞﾛｸ,東京都,目黒区
13111,ｵｵﾀｸ,東京都,大田区
13112,ｾﾀｶﾞﾔｸ,東京都,世田谷区
13113,ｼﾌﾞﾔｸ,東京都,渋谷区
13114,ﾅｶﾉｸ,東京都,中野区
13115,ｽｷﾞﾅﾐｸ,東京都,杉並区
13116,ﾄｼﾏｸ,東京都,豊島区
13117,ｷﾀｸ,東京都,北区
13118,ｱﾗｶﾜｸ,東京都,荒川区
13119,ｲﾀﾊﾞｼｸ,東京都,板橋区
13120,ﾈﾘﾏｸ,東京都,練馬区
13121,ｱﾀﾞﾁｸ,東京都,足立区
13122,ｶﾂｼｶｸ,東京都,葛飾区
13123,ｴﾄﾞｶﾞﾜｸ,東京都,江戸川区
13201,ﾊﾁｵｳｼﾞｼ,東京都,八王子市
13202,ﾀﾁｶﾜｼ,東京都,立川市
13203,ﾑｻｼﾉｼ,東京都,武蔵野市
13204,ﾐﾀｶｼ,東京都,三鷹市
13205,ｵｳﾒｼ,東京都,青梅市
13206,ﾌﾁｭｳｼ,東京都,府中市
13207,ｱｷｼﾏｼ,東京都,昭島市
13208,ﾁｮｳﾌｼ,東京都,調布市
13209,ﾏﾁﾀﾞｼ,東京都,町田市
13210,ｺｶﾞﾈｲｼ,東京都,小金井市
13211,ｺﾀﾞｲﾗｼ,東京都,小平市
13212,ﾋﾉｼ,東京都,日野市
13213,ﾋｶﾞｼﾑﾗﾔﾏｼ,東京都,東村山市
13214,ｺｸﾌﾞﾝｼﾞｼ,東京都,国分寺市
13215,ｸﾆﾀﾁｼ,東京都,国立市
13218,ﾌｯｻｼ,東京都,福生市
13219,ｺﾏｴｼ,東京都,狛江市
13220,ﾋｶﾞｼﾔﾏﾄｼ,東京都,東大和市
13221,ｷﾖｾｼ,東京都,清瀬市
13222,ﾋｶﾞｼｸﾙﾒｼ,東京都,東久留米市
13223,ﾑｻｼﾑﾗﾔﾏｼ,東京都,武蔵村山市
13224,ﾀﾏｼ,東京都,多摩市
13225,ｲﾅｷﾞｼ,東京都,稲城市
13227,ﾊﾑﾗｼ,東京都,羽村市
13228,ｱｷﾙﾉｼ,東京都,あきる野市
13229,ﾆｼﾄｳｷｮｳｼ,東京都,西東京市
13303,ﾆｼﾀﾏｸﾞﾝﾐｽﾞﾎﾏﾁ,東京都,西多摩郡瑞穂町
13305,ﾆｼﾀﾏｸﾞﾝﾋﾉﾃﾞﾏﾁ,東京都,西多摩郡日の出町
13307,ﾆｼﾀﾏｸﾞﾝﾋﾉﾊﾗﾑﾗ,東京都,西多摩郡檜原村
13308,ﾆｼﾀﾏｸﾞﾝｵｸﾀﾏﾏﾁ,東京都,西多摩郡奥多摩町
13361,ｵｵｼﾏﾏﾁ,東京都,大島町
13362,ﾄｼﾏﾑﾗ,東京都,利島村
13363,ﾆｲｼﾞﾏﾑﾗ,東京都,新島村
13364,ｺｳﾂﾞｼﾏﾑﾗ,東京都,神津島村
13381,ﾐﾔｹｼﾞﾏﾐﾔｹﾑﾗ,東京都,三宅島三宅村
13382,ﾐｸﾗｼﾞﾏﾑﾗ,東京都,御蔵島村
13401,ﾊﾁｼﾞｮｳｼﾞﾏﾊﾁｼﾞｮｳﾏﾁ,東京都,八丈島八丈町
13402,ｱｵｶﾞｼﾏﾑﾗ,東京都,青ヶ島村
13421,ｵｶﾞｻﾜﾗﾑﾗ,東京都,小笠原村
14101,ﾖｺﾊﾏｼﾂﾙﾐｸ,神奈川県,横浜市鶴見区
14102,ﾖｺﾊﾏｼｶﾅｶﾞﾜｸ,神奈川県,横浜市神奈川区
14103,ﾖｺﾊﾏｼﾆｼｸ,神奈川県,横浜市西区
14104,ﾖｺﾊﾏｼﾅｶｸ,神奈川県,横浜市中区
14105,ﾖｺﾊﾏｼﾐﾅﾐｸ,神奈川県,横浜市南区
14106,ﾖｺﾊﾏｼﾎﾄﾞｶﾞﾔｸ,神奈川県,横浜市保土ケ谷区
14107,ﾖｺﾊﾏｼｲｿｺﾞｸ,神奈川県,横浜市磯子区
14108,ﾖｺﾊﾏｼｶﾅｻﾞﾜｸ,神奈川県,横浜市金沢区
14109,ﾖｺﾊﾏｼｺｳﾎｸｸ,神奈川県,横浜市港北区
14110,ﾖｺﾊﾏｼﾄﾂｶｸ,神奈川県,横浜市戸塚区
14111,ﾖｺﾊﾏｼｺｳﾅﾝｸ,神奈川県,横浜市港南区
14112,ﾖｺﾊﾏｼｱｻﾋｸ,神奈川県,横浜市旭区
14113,ﾖｺﾊﾏｼﾐﾄﾞﾘｸ,神奈川県,横浜市緑区
14114,ﾖｺﾊﾏｼｾﾔｸ,神奈川県,横浜市瀬谷区
14115,ﾖｺﾊﾏｼｻｶｴｸ,神奈川県,横浜市栄区
14116,ﾖｺﾊﾏｼｲｽﾞﾐｸ,神奈川県,横浜市泉区
14117,ﾖｺﾊﾏｼｱｵﾊﾞｸ,神奈川県,横浜市青葉区
14118,ﾖｺﾊﾏｼﾂﾂﾞｷｸ,神奈川県,横浜市都筑区
14131,ｶﾜｻｷｼｶﾜｻｷｸ,神奈川県,川崎市川崎区
14132,ｶﾜｻｷｼｻｲﾜｲｸ,神奈川県,川崎市幸区
14133,ｶﾜｻｷｼﾅｶﾊﾗｸ,神奈川県,川崎市中原区
14134,ｶﾜｻｷｼﾀｶﾂｸ,神奈川県,川崎市高津区
14135,ｶﾜｻｷｼﾀﾏｸ,神奈川県,川崎市多摩区
14136,ｶﾜｻｷｼﾐﾔﾏｴｸ,神奈川県,川崎市宮前区
14137,ｶﾜｻｷｼｱｻｵｸ,神奈川県,川崎市麻生区
14151,ｻｶﾞﾐﾊﾗｼﾐﾄﾞﾘｸ,神奈川県,相模原市緑区
14152,ｻｶﾞﾐﾊﾗｼﾁｭｳｵｳｸ,神奈川県,相模原市中央区
14153,ｻｶﾞﾐﾊﾗｼﾐﾅﾐｸ,神奈川県,相模原市南区
14201,ﾖｺｽｶｼ,神奈川県,横須賀市
14203,ﾋﾗﾂｶｼ,神奈川県,平塚市
14204,ｶﾏｸﾗｼ,神奈川県,鎌倉市
14205,ﾌｼﾞｻﾜｼ,神奈川県,藤沢市
14206,ｵﾀﾞﾜﾗｼ,神奈川県,小田原市
14207,ﾁｶﾞｻｷｼ,神奈川県,茅ヶ崎市
14208,ｽﾞｼｼ,神奈川県,逗子市
14210,ﾐｳﾗｼ,神奈川県,三浦市
14211,ﾊﾀﾞﾉｼ,神奈川県,秦野市
14212,ｱﾂｷﾞｼ,神奈川県,厚木市
14213,ﾔﾏﾄｼ,神奈川県,大和市
14214,ｲｾﾊﾗｼ,神奈川県,伊勢原市
14215,ｴﾋﾞﾅｼ,神奈川県,海老名市
14216,ｻﾞﾏｼ,神奈川県,座間市
14217,ﾐﾅﾐｱｼｶﾞﾗｼ,神奈川県,南足柄市
14218,ｱﾔｾｼ,神奈川県,綾瀬市
14301,ﾐｳﾗｸﾞﾝﾊﾔﾏﾏﾁ,神奈川県,三浦郡葉山町
14321,ｺｳｻﾞｸﾞﾝｻﾑｶﾜﾏﾁ,神奈川県,高座郡寒川町
14341,ﾅｶｸﾞﾝｵｵｲｿﾏﾁ,神奈川県,中郡大磯町
14342,ﾅｶｸﾞﾝﾆﾉﾐﾔﾏﾁ,神奈川県,中郡二宮町
14361,ｱｼｶﾞﾗｶﾐｸﾞﾝﾅｶｲﾏﾁ,神奈川県,足柄上郡中井町
14362,ｱｼｶﾞﾗｶﾐｸﾞﾝｵｵｲﾏﾁ,神奈川県,足柄上郡大井町
14363,ｱｼｶﾞﾗｶﾐｸﾞﾝﾏﾂﾀﾞﾏﾁ,神奈川県,足柄上郡松田町
14364,ｱｼｶﾞﾗｶﾐｸﾞﾝﾔﾏｷﾀﾏﾁ,神奈川県,足柄上郡山北町
14366,ｱｼｶﾞﾗｶﾐｸﾞﾝｶｲｾｲﾏﾁ,神奈川県,足柄上郡開成町
14382,ｱｼｶﾞﾗｼﾓｸﾞﾝﾊｺﾈﾏﾁ,神奈川県,足柄下郡箱根町
14383,ｱｼｶﾞﾗｼﾓｸﾞﾝﾏﾅﾂﾞﾙﾏﾁ,神奈川県,足柄下郡真鶴町
14384,ｱｼｶﾞﾗｼﾓｸﾞﾝﾕｶﾞﾜﾗﾏﾁ,神奈川県,足柄下郡湯河原町
14401,ｱｲｺｳｸﾞﾝｱｲｶﾜﾏﾁ,神奈川県,愛甲郡愛川町
14402,ｱｲｺｳｸﾞﾝｷﾖｶﾜﾑﾗ,神奈川県,愛甲郡清川村
15101,ﾆｲｶﾞﾀｼｷﾀｸ,新潟県,新潟市北区
15102,ﾆｲｶﾞﾀｼﾋｶﾞｼｸ,新潟県,新潟市東区
15103,ﾆｲｶﾞﾀｼﾁｭｳｵｳｸ,新潟県,新潟市中央区
15104,ﾆｲｶﾞﾀｼｺｳﾅﾝｸ,新潟県,新潟市江南区
15105,ﾆｲｶﾞﾀｼｱｷﾊｸ,新潟県,新潟市秋葉区
15106,ﾆｲｶﾞﾀｼﾐﾅﾐｸ,新潟県,新潟市南区
15107,ﾆｲｶﾞﾀｼﾆｼｸ,新潟県,新潟市西区
15108,ﾆｲｶﾞﾀｼﾆｼｶﾝｸ,新潟県,新潟市西蒲区
15202,ﾅｶﾞｵｶｼ,新潟県,長岡市
15204,ｻﾝｼﾞｮｳｼ,新潟県,三条市
15205,ｶｼﾜｻﾞｷｼ,新潟県,柏崎市
15206,ｼﾊﾞﾀｼ,新潟県,新発田市
15208,ｵﾁﾞﾔｼ,新潟県,小千谷市
15209,ｶﾓｼ,新潟県,加茂市
15210,ﾄｵｶﾏﾁｼ,新潟県,十日町市
15211,ﾐﾂｹｼ,新潟県,見附市
15212,ﾑﾗｶﾐｼ,新潟県,村上市
15213,ﾂﾊﾞﾒｼ,新潟県,燕市
15216,ｲﾄｲｶﾞﾜｼ,新潟県,糸魚川市
15217,ﾐｮｳｺｳｼ,新潟県,妙高市
15218,ｺﾞｾﾝｼ,新潟県,五泉市
15222,ｼﾞｮｳｴﾂｼ,新潟県,上越市
15223,ｱｶﾞﾉｼ,新潟県,阿賀野市
15224,ｻﾄﾞｼ,新潟県,佐渡市
15225,ｳｵﾇﾏｼ,新潟県,魚沼市
15226,ﾐﾅﾐｳｵﾇﾏｼ,新潟県,南魚沼市
15227,ﾀｲﾅｲｼ,新潟県,胎内市
15307,ｷﾀｶﾝﾊﾞﾗｸﾞﾝｾｲﾛｳﾏﾁ,新潟県,北蒲原郡聖籠町
15342,ﾆｼｶﾝﾊﾞﾗｸﾞﾝﾔﾋｺﾑﾗ,新潟県,西蒲原郡弥彦村
15361,ﾐﾅﾐｶﾝﾊﾞﾗｸﾞﾝﾀｶﾞﾐﾏﾁ,新潟県,南蒲原郡田上町
15385,ﾋｶﾞｼｶﾝﾊﾞﾗｸﾞﾝｱｶﾞﾏﾁ,新潟県,東蒲原郡阿賀町
15405,ｻﾝﾄｳｸﾞﾝｲｽﾞﾓｻﾞｷﾏﾁ,新潟県,三島郡出雲崎町
15461,ﾐﾅﾐｳｵﾇﾏｸﾞﾝﾕｻﾞﾜﾏﾁ,新潟県,南魚沼郡湯沢町
15482,ﾅｶｳｵﾇﾏｸﾞﾝﾂﾅﾝﾏﾁ,新潟県,中魚沼郡津南町
15504,ｶﾘﾜｸﾞﾝｶﾘﾜﾑﾗ,新潟県,刈羽郡刈羽村
15581,ｲﾜﾌﾈｸﾞﾝｾｷｶﾜﾑﾗ,新潟県,岩船郡関川村
15586,ｲﾜﾌﾈｸﾞﾝｱﾜｼﾏｳﾗﾑﾗ,新潟県,岩船郡粟島浦村
16201,ﾄﾔﾏｼ,富山県,富山市
16202,ﾀｶｵｶｼ,富山県,高岡市
16204,ｳｵﾂﾞｼ,富山県,魚津市
16205,ﾋﾐｼ,富山県,氷見市
16206,ﾅﾒﾘｶﾜｼ,富山県,滑川市
16207,ｸﾛﾍﾞｼ,富山県,黒部市
16208,ﾄﾅﾐｼ,富山県,砺波市
16209,ｵﾔﾍﾞｼ,富山県,小矢部市
16210,ﾅﾝﾄｼ,富山県,南砺市
16211,ｲﾐｽﾞｼ,富山県,射水市
16321,ﾅｶﾆｲｶﾜｸﾞﾝﾌﾅﾊｼﾑﾗ,富山県,中新川郡舟橋村
16322,ﾅｶﾆｲｶﾜｸﾞﾝｶﾐｲﾁﾏﾁ,富山県,中新川郡上市町
16323,ﾅｶﾆｲｶﾜｸﾞﾝﾀﾃﾔﾏﾏﾁ,富山県,中新川郡立山町
16342,ｼﾓﾆｲｶﾜｸﾞﾝﾆｭｳｾﾞﾝﾏﾁ,富山県,下新川郡入善町
16343,ｼﾓﾆｲｶﾜｸﾞﾝｱｻﾋﾏﾁ,富山県,下新川郡朝日町
17201,ｶﾅｻﾞﾜｼ,石川県,金沢市
17202,ﾅﾅｵｼ,石川県,七尾市
17203,ｺﾏﾂｼ,石川県,小松市
17204,ﾜｼﾞﾏｼ,石川県,輪島市
17205,ｽｽﾞｼ,石川県,珠洲市
17206,ｶｶﾞｼ,石川県,加賀市
17207,ﾊｸｲｼ,石川県,羽咋市
17209,ｶﾎｸｼ,石川県,かほく市
17210,ﾊｸｻﾝｼ,石川県,白山市
17211,ﾉﾐｼ,石川県,能美市
17212,ﾉﾉｲﾁｼ,石川県,野々市市
17324,ﾉﾐｸﾞﾝｶﾜｷﾀﾏﾁ,石川県,能美郡川北町
17361,ｶﾎｸｸﾞﾝﾂﾊﾞﾀﾏﾁ,石川県,河北郡津幡町
17365,ｶﾎｸｸﾞﾝｳﾁﾅﾀﾞﾏﾁ,石川県,河北郡内灘町
17384,ﾊｸｲｸﾞﾝｼｶﾏﾁ,石川県,羽咋郡志賀町
17386,ﾊｸｲｸﾞﾝﾎｳﾀﾞﾂｼﾐｽﾞﾁｮｳ,石川県,羽咋郡宝達志水町
17407,ｶｼﾏｸﾞﾝﾅｶﾉﾄﾏﾁ,石川県,鹿島郡中能登町
17461,ﾎｳｽｸﾞﾝｱﾅﾐｽﾞﾏﾁ,石川県,鳳珠郡穴水町
17463,ﾎｳｽｸﾞﾝﾉﾄﾁｮｳ,石川県,鳳珠郡能登町
18201,ﾌｸｲｼ,福井県,福井市
18202,ﾂﾙｶﾞｼ,福井県,敦賀市
18204,ｵﾊﾞﾏｼ,福井県,小浜市
18205,ｵｵﾉｼ,福井県,大野市
18206,ｶﾂﾔﾏｼ,福井県,勝山市
18207,ｻﾊﾞｴｼ,福井県,鯖江市
18208,ｱﾜﾗｼ,福井県,あわら市
18209,ｴﾁｾﾞﾝｼ,福井県,越前市
18210,ｻｶｲｼ,福井県,坂井市
18322,ﾖｼﾀﾞｸﾞﾝｴｲﾍｲｼﾞﾁｮｳ,福井県,吉田郡永平寺町
18382,ｲﾏﾀﾞﾃｸﾞﾝｲｹﾀﾞﾁｮｳ,福井県,今立郡池田町
18404,ﾅﾝｼﾞｮｳｸﾞﾝﾐﾅﾐｴﾁｾﾞﾝﾁｮｳ,福井県,南条郡南越前町
18423,ﾆｭｳｸﾞﾝｴﾁｾﾞﾝﾁｮｳ,福井県,丹生郡越前町
18442,ﾐｶﾀｸﾞﾝﾐﾊﾏﾁｮｳ,福井県,三方郡美浜町
18481,ｵｵｲｸﾞﾝﾀｶﾊﾏﾁｮｳ,福井県,大飯郡高浜町
18483,ｵｵｲｸﾞﾝｵｵｲﾁｮｳ,福井県,大飯郡おおい町
18501,ﾐｶﾀｶﾐﾅｶｸﾞﾝﾜｶｻﾁｮｳ,福井県,三方上中郡若狭町
19201,ｺｳﾌｼ,山梨県,甲府市
19202,ﾌｼﾞﾖｼﾀﾞｼ,山梨県,富士吉田市
19204,ﾂﾙｼ,山梨県,都留市
19205,ﾔﾏﾅｼｼ,山梨県,山梨市
19206,ｵｵﾂｷｼ,山梨県,大月市
19207,ﾆﾗｻｷｼ,山梨県,韮崎市
19208,ﾐﾅﾐｱﾙﾌﾟｽｼ,山梨県,南アルプス市
19209,ﾎｸﾄｼ,山梨県,北杜市
19210,ｶｲｼ,山梨県,甲斐市
19211,ﾌｴﾌｷｼ,山梨県,笛吹市
19212,ｳｴﾉﾊﾗｼ,山梨県,上野原市
19213,ｺｳｼｭｳｼ,山梨県,甲州市
19214,ﾁｭｳｵｳｼ,山梨県,中央市
19346,ﾆｼﾔﾂｼﾛｸﾞﾝｲﾁｶﾜﾐｻﾄﾁｮｳ,山梨県,西八代郡市川三郷町
19364,ﾐﾅﾐｺﾏｸﾞﾝﾊﾔｶﾜﾁｮｳ,山梨県,南巨摩郡早川町
19365,ﾐﾅﾐｺﾏｸﾞﾝﾐﾉﾌﾞﾁｮｳ,山梨県,南巨摩郡身延町
19366,ﾐﾅﾐｺﾏｸﾞﾝﾅﾝﾌﾞﾁｮｳ,山梨県,南巨摩郡南部町
19368,ﾐﾅﾐｺﾏｸﾞﾝﾌｼﾞｶﾜﾁｮｳ,山梨県,南巨摩郡富士川町
19384,ﾅｶｺﾏｸﾞﾝｼｮｳﾜﾁｮｳ,山梨県,中巨摩郡昭和町
19422,ﾐﾅﾐﾂﾙｸﾞﾝﾄﾞｳｼﾑﾗ,山梨県,南都留郡道志村
19423,ﾐﾅﾐﾂﾙｸﾞﾝﾆｼｶﾂﾗﾁｮｳ,山梨県,南都留郡西桂町
19424,ﾐﾅﾐﾂﾙｸﾞﾝｵｼﾉﾑﾗ,山梨県,南都留郡忍野村
19425,ﾐﾅﾐﾂﾙｸﾞﾝﾔﾏﾅｶｺﾑﾗ,山梨県,南都留郡山中湖村
19429,ﾐﾅﾐﾂﾙｸﾞﾝﾅﾙｻﾜﾑﾗ,山梨県,南都留郡鳴沢村
19430,ﾐﾅﾐﾂﾙｸﾞﾝﾌｼﾞｶﾜｸﾞﾁｺﾏﾁ,山梨県,南都留郡富士河口湖町
19442,ｷﾀﾂﾙｸﾞﾝｺｽｹﾞﾑﾗ,山梨県,北都留郡小菅村
19443,ｷﾀﾂﾙｸﾞﾝﾀﾊﾞﾔﾏﾑﾗ,山梨県,北都留郡丹波山村
20201,ﾅｶﾞﾉｼ,長野県,長野市
20202,ﾏﾂﾓﾄｼ,長野県,松本市
20203,ｳｴﾀﾞｼ,長野県,上田市
20204,ｵｶﾔｼ,長野県,岡谷市
20205,ｲｲﾀﾞｼ,長野県,飯田市
20206,ｽﾜｼ,長野県,諏訪市
20207,ｽｻﾞｶｼ,長野県,須坂市
20208,ｺﾓﾛｼ,長野県,小諸市
20209,ｲﾅｼ,長野県,伊那市
20210,ｺﾏｶﾞﾈｼ,長野県,駒ヶ根市
20211,ﾅｶﾉｼ,長野県,中野市
20212,ｵｵﾏﾁｼ,長野県,大町市
20213,ｲｲﾔﾏｼ,長野県,飯山市
20214,ﾁﾉｼ,長野県,茅野市
20215,ｼｵｼﾞﾘｼ,長野県,塩尻市
20217,ｻｸｼ,長野県,佐久市
20218,ﾁｸﾏｼ,長野県,千曲市
20219,ﾄｳﾐｼ,長野県,東御市
20220,ｱﾂﾞﾐﾉｼ,長野県,安曇野市
20303,ﾐﾅﾐｻｸｸﾞﾝｺｳﾐﾏﾁ,長野県,南佐久郡小海町
20304,ﾐﾅﾐｻｸｸﾞﾝｶﾜｶﾐﾑﾗ,長野県,南佐久郡川上村
20305,ﾐﾅﾐｻｸｸﾞﾝﾐﾅﾐﾏｷﾑﾗ,長野県,南佐久郡南牧村
20306,ﾐﾅﾐｻｸｸﾞﾝﾐﾅﾐｱｲｷﾑﾗ,長野県,南佐久郡南相木村
20307,ﾐﾅﾐｻｸｸﾞﾝｷﾀｱｲｷﾑﾗ,長野県,南佐久郡北相木村
20309,ﾐﾅﾐｻｸｸﾞﾝｻｸﾎﾏﾁ,長野県,南佐久郡佐久穂町
20321,ｷﾀｻｸｸﾞﾝｶﾙｲｻﾞﾜﾏﾁ,長野県,北佐久郡軽井沢町
20323,ｷﾀｻｸｸﾞﾝﾐﾖﾀﾏﾁ,長野県,北佐久郡御代田町
20324,ｷﾀｻｸｸﾞﾝﾀﾃｼﾅﾏﾁ,長野県,北佐久郡立科町
20349,ﾁｲｻｶﾞﾀｸﾞﾝｱｵｷﾑﾗ,長野県,小県郡青木村
20350,ﾁｲｻｶﾞﾀｸﾞﾝﾅｶﾞﾜﾏﾁ,長野県,小県郡長和町
20361,ｽﾜｸﾞﾝｼﾓｽﾜﾏﾁ,長野県,諏訪郡下諏訪町
20362,ｽﾜｸﾞﾝﾌｼﾞﾐﾏﾁ,長野県,諏訪郡富士見町
20363,ｽﾜｸﾞﾝﾊﾗﾑﾗ,長野県,諏訪郡原村
20382,ｶﾐｲﾅｸﾞﾝﾀﾂﾉﾏﾁ,長野県,上伊那郡辰野町
20383,ｶﾐｲﾅｸﾞﾝﾐﾉﾜﾏﾁ,長野県,上伊那郡箕輪町
20384,ｶﾐｲﾅｸﾞﾝｲｲｼﾞﾏﾏﾁ,長野県,上伊那郡飯島町
20385,ｶﾐｲﾅｸﾞﾝﾐﾅﾐﾐﾉﾜﾑﾗ,長野県,上伊那郡南箕輪村
20386,ｶﾐｲﾅｸﾞﾝﾅｶｶﾞﾜﾑﾗ,長野県,上伊那郡中川村
20388,ｶﾐｲﾅｸﾞﾝﾐﾔﾀﾞﾑﾗ,長野県,上伊那郡宮田村
20402,ｼﾓｲﾅｸﾞﾝﾏﾂｶﾜﾏﾁ,長野県,下伊那郡松川町
20403,ｼﾓｲﾅｸﾞﾝﾀｶﾓﾘﾏﾁ,長野県,下伊那郡高森町
20404,ｼﾓｲﾅｸﾞﾝｱﾅﾝﾁｮｳ,長野県,下伊那郡阿南町
20407,ｼﾓｲﾅｸﾞﾝｱﾁﾑﾗ,長野県,下伊那郡阿智村
20409,ｼﾓｲﾅｸﾞﾝﾋﾗﾔﾑﾗ,長野県,下伊那郡平谷村
20410,ｼﾓｲﾅｸﾞﾝﾈﾊﾞﾑﾗ,長野県,下伊那郡根羽村
20411,ｼﾓｲﾅｸﾞﾝｼﾓｼﾞｮｳﾑﾗ,長野県,下伊那郡下條村
20412,ｼﾓｲﾅｸﾞﾝｳﾙｷﾞﾑﾗ,長野県,下伊那郡売木村
20413,ｼﾓｲﾅｸﾞﾝﾃﾝﾘｭｳﾑﾗ,長野県,下伊那郡天龍村
20414,ｼﾓｲﾅｸﾞﾝﾔｽｵｶﾑﾗ,長野県,下伊那郡泰阜村
20415,ｼﾓｲﾅｸﾞﾝﾀｶｷﾞﾑﾗ,長野県,下伊那郡喬木村
20416,ｼﾓｲﾅｸﾞﾝﾄﾖｵｶﾑﾗ,長野県,下伊那郡豊丘村
20417,ｼﾓｲﾅｸﾞﾝｵｵｼｶﾑﾗ,長野県,下伊那郡大鹿村
20422,ｷｿｸﾞﾝｱｹﾞﾏﾂﾏﾁ,長野県,木曽郡上松町
20423,ｷｿｸﾞﾝﾅｷﾞｿﾏﾁ,長野県,木曽郡南木曽町
20425,ｷｿｸﾞﾝｷｿﾑﾗ,長野県,木曽郡木祖村
20429,ｷｿｸﾞﾝｵｳﾀｷﾑﾗ,長野県,木曽郡王滝村
20430,ｷｿｸﾞﾝｵｵｸﾜﾑﾗ,長野県,木曽郡大桑村
20432,ｷｿｸﾞﾝｷｿﾏﾁ,長野県,木曽郡木曽町
20446,ﾋｶﾞｼﾁｸﾏｸﾞﾝｵﾐﾑﾗ,長野県,東筑摩郡麻績村
20448,ﾋｶﾞｼﾁｸﾏｸﾞﾝｲｸｻｶﾑﾗ,長野県,東筑摩郡生坂村
20450,ﾋｶﾞｼﾁｸﾏｸﾞﾝﾔﾏｶﾞﾀﾑﾗ,長野県,東筑摩郡山形村
20451,ﾋｶﾞｼﾁｸﾏｸﾞﾝｱｻﾋﾑﾗ,長野県,東筑摩郡朝日村
20452,ﾋｶﾞｼﾁｸﾏｸﾞﾝﾁｸﾎｸﾑﾗ,長野県,東筑摩郡筑北村
20481,ｷﾀｱﾂﾞﾐｸﾞﾝｲｹﾀﾞﾏﾁ,長野県,北安曇郡池田町
20482,ｷﾀｱﾂﾞﾐｸﾞﾝﾏﾂｶﾜﾑﾗ,長野県,北安曇郡松川村
20485,ｷﾀｱﾂﾞﾐｸﾞﾝﾊｸﾊﾞﾑﾗ,長野県,北安曇郡白馬村
20486,ｷﾀｱﾂﾞﾐｸﾞﾝｵﾀﾘﾑﾗ,長野県,北安曇郡小谷村
20521,ﾊﾆｼﾅｸﾞﾝｻｶｷﾏﾁ,長野県,埴科郡坂城町
20541,ｶﾐﾀｶｲｸﾞﾝｵﾌﾞｾﾏﾁ,長野県,上高井郡小布施町
20543,ｶﾐﾀｶｲｸﾞﾝﾀｶﾔﾏﾑﾗ,長野県,上高井郡高山村
20561,ｼﾓﾀｶｲｸﾞﾝﾔﾏﾉｳﾁﾏﾁ,長野県,下高井郡山ノ内町
20562,ｼﾓﾀｶｲｸﾞﾝｷｼﾞﾏﾀﾞｲﾗﾑﾗ,長野県,下高井郡木島平村
20563,ｼﾓﾀｶｲｸﾞﾝﾉｻﾞﾜｵﾝｾﾝﾑﾗ,長野県,下高井郡野沢温泉村
20583,ｶﾐﾐﾉﾁｸﾞﾝｼﾅﾉﾏﾁ,長野県,上水内郡信濃町
20588,ｶﾐﾐﾉﾁｸﾞﾝｵｶﾞﾜﾑﾗ,長野県,上水内郡小川村
20590,ｶﾐﾐﾉﾁｸﾞﾝｲｲﾂﾞﾅﾏﾁ,長野県,上水内郡飯綱町
20602,ｼﾓﾐﾉﾁｸﾞﾝｻｶｴﾑﾗ,長野県,下水内郡栄村
21201,ｷﾞﾌｼ,岐阜県,岐阜市
21202,ｵｵｶﾞｷｼ,岐阜県,大垣市
21203,ﾀｶﾔﾏｼ,岐阜県,高山市
21204,ﾀｼﾞﾐｼ,岐阜県,多治見市
21205,ｾｷｼ,岐阜県,関市
21206,ﾅｶﾂｶﾞﾜｼ,岐阜県,中津川市
21207,ﾐﾉｼ,岐阜県,美濃市
21208,ﾐｽﾞﾅﾐｼ,岐阜県,瑞浪市
21209,ﾊｼﾏｼ,岐阜県,羽島市
21210,ｴﾅｼ,岐阜県,恵那市
21211,ﾐﾉｶﾓｼ,岐阜県,美濃加茂市
21212,ﾄｷｼ,岐阜県,土岐市
21213,ｶｶﾐｶﾞﾊﾗｼ,岐阜県,各務原市
21214,ｶﾆｼ,岐阜県,可児市
21215,ﾔﾏｶﾞﾀｼ,岐阜県,山県市
21216,ﾐｽﾞﾎｼ,岐阜県,瑞穂市
21217,ﾋﾀﾞｼ,岐阜県,飛騨市
21218,ﾓﾄｽｼ,岐阜県,本巣市
21219,ｸﾞｼﾞｮｳｼ,岐阜県,郡上市
21220,ｹﾞﾛｼ,岐阜県,下呂市
21221,ｶｲﾂﾞｼ,岐阜県,海津市
21302,ﾊｼﾏｸﾞﾝｷﾞﾅﾝﾁｮｳ,岐阜県,羽島郡岐南町
21303,ﾊｼﾏｸﾞﾝｶｻﾏﾂﾁｮｳ,岐阜県,羽島郡笠松町
21341,ﾖｳﾛｳｸﾞﾝﾖｳﾛｳﾁｮｳ,岐阜県,養老郡養老町
21361,ﾌﾜｸﾞﾝﾀﾙｲﾁｮｳ,岐阜県,不破郡垂井町
21362,ﾌﾜｸﾞﾝｾｷｶﾞﾊﾗﾁｮｳ,岐阜県,不破郡関ケ原町
21381,ｱﾝﾊﾟﾁｸﾞﾝｺﾞｳﾄﾞﾁｮｳ,岐阜県,安八郡神戸町
21382,ｱﾝﾊﾟﾁｸﾞﾝﾜﾉｳﾁﾁｮｳ,岐阜県,安八郡輪之内町
21383,ｱﾝﾊﾟﾁｸﾞﾝｱﾝﾊﾟﾁﾁｮｳ,岐阜県,安八郡安八町
21401,ｲﾋﾞｸﾞﾝｲﾋﾞｶﾞﾜﾁｮｳ,岐阜県,揖斐郡揖斐川町
21403,ｲﾋﾞｸﾞﾝｵｵﾉﾁｮｳ,岐阜県,揖斐郡大野町
21404,ｲﾋﾞｸﾞﾝｲｹﾀﾞﾁｮｳ,岐阜県,揖斐郡池田町
21421,ﾓﾄｽｸﾞﾝｷﾀｶﾞﾀﾁｮｳ,岐阜県,本巣郡北方町
21501,ｶﾓｸﾞﾝｻｶﾎｷﾞﾁｮｳ,岐阜県,加茂郡坂祝町
21502,ｶﾓｸﾞﾝﾄﾐｶﾁｮｳ,岐阜県,加茂郡富加町
21503,ｶﾓｸﾞﾝｶﾜﾍﾞﾁｮｳ,岐阜県,加茂郡川辺町
21504,ｶﾓｸﾞﾝﾋﾁｿｳﾁｮｳ,岐阜県,加茂郡七宗町
21505,ｶﾓｸﾞﾝﾔｵﾂﾁｮｳ,岐阜県,加茂郡八百津町
21506,ｶﾓｸﾞﾝｼﾗｶﾜﾁｮｳ,岐阜県,加茂郡白川町
21507,ｶﾓｸﾞﾝﾋｶﾞｼｼﾗｶﾜﾑﾗ,岐阜県,加茂郡東白川村
21521,ｶﾆｸﾞﾝﾐﾀｹﾁｮｳ,岐阜県,可児郡御嵩町
21604,ｵｵﾉｸﾞﾝｼﾗｶﾜﾑﾗ,岐阜県,大野郡白川村
22101,ｼｽﾞｵｶｼｱｵｲｸ,静岡県,静岡市葵区
22102,ｼｽﾞｵｶｼｽﾙｶﾞｸ,静岡県,静岡市駿河区
22103,ｼｽﾞｵｶｼｼﾐｽﾞｸ,静岡県,静岡市清水区
22138,ﾊﾏﾏﾂｼﾁｭｳｵｳｸ,静岡県,浜松市中央区
22139,ﾊﾏﾏﾂｼﾊﾏﾅｸ,静岡県,浜松市浜名区
22140,ﾊﾏﾏﾂｼﾃﾝﾘｭｳｸ,静岡県,浜松市天竜区
22203,ﾇﾏﾂﾞｼ,静岡県,沼津市
22205,ｱﾀﾐｼ,静岡県,熱海市
22206,ﾐｼﾏｼ,静岡県,三島市
22207,ﾌｼﾞﾉﾐﾔｼ,静岡県,富士宮市
22208,ｲﾄｳｼ,静岡県,伊東市
22209,ｼﾏﾀﾞｼ,静岡県,島田市
22210,ﾌｼﾞｼ,静岡県,富士市
22211,ｲﾜﾀｼ,静岡県,磐田市
22212,ﾔｲﾂﾞｼ,静岡県,焼津市
22213,ｶｹｶﾞﾜｼ,静岡県,掛川市
22214,ﾌｼﾞｴﾀﾞｼ,静岡県,藤枝市
22215,ｺﾞﾃﾝﾊﾞｼ,静岡県,御殿場市
22216,ﾌｸﾛｲｼ,静岡県,袋井市
22219,ｼﾓﾀﾞｼ,静岡県,下田市
22220,ｽｿﾉｼ,静岡県,裾野市
22221,ｺｻｲｼ,静岡県,湖西市
22222,ｲｽﾞｼ,静岡県,伊豆市
22223,ｵﾏｴｻﾞｷｼ,静岡県,御前崎市
22224,ｷｸｶﾞﾜｼ,静岡県,菊川市
22225,ｲｽﾞﾉｸﾆｼ,静岡県,伊豆の国市
22226,ﾏｷﾉﾊﾗｼ,静岡県,牧之原市
22301,ｶﾓｸﾞﾝﾋｶﾞｼｲｽﾞﾁｮｳ,静岡県,賀茂郡東伊豆町
22302,ｶﾓｸﾞﾝｶﾜﾂﾞﾁｮｳ,静岡県,賀茂郡河津町
22304,ｶﾓｸﾞﾝﾐﾅﾐｲｽﾞﾁｮｳ,静岡県,賀茂郡南伊豆町
22305,ｶﾓｸﾞﾝﾏﾂｻﾞｷﾁｮｳ,静岡県,賀茂郡松崎町
22306,ｶﾓｸﾞﾝﾆｼｲｽﾞﾁｮｳ,静岡県,賀茂郡西伊豆町
22325,ﾀｶﾞﾀｸﾞﾝｶﾝﾅﾐﾁｮｳ,静岡県,田方郡函南町
22341,ｽﾝﾄｳｸﾞﾝｼﾐｽﾞﾁｮｳ,静岡県,駿東郡清水町
22342,ｽﾝﾄｳｸﾞﾝﾅｶﾞｲｽﾞﾐﾁｮｳ,静岡県,駿東郡長泉町
22344,ｽﾝﾄｳｸﾞﾝｵﾔﾏﾁｮｳ,静岡県,駿東郡小山町
22424,ﾊｲﾊﾞﾗｸﾞﾝﾖｼﾀﾞﾁｮｳ,静岡県,榛原郡吉田町
22429,ﾊｲﾊﾞﾗｸﾞﾝｶﾜﾈﾎﾝﾁｮｳ,静岡県,榛原郡川根本町
22461,ｼｭｳﾁｸﾞﾝﾓﾘﾏﾁ,静岡県,周智郡森町
23101,ﾅｺﾞﾔｼﾁｸｻｸ,愛知県,名古屋市千種区
23102,ﾅｺﾞﾔｼﾋｶﾞｼｸ,愛知県,名古屋市東区
23103,ﾅｺﾞﾔｼｷﾀｸ,愛知県,名古屋市北区
23104,ﾅｺﾞﾔｼﾆｼｸ,愛知県,名古屋市西区
23105,ﾅｺﾞﾔｼﾅｶﾑﾗｸ,愛知県,名古屋市中村区
23106,ﾅｺﾞﾔｼﾅｶｸ,愛知県,名古屋市中区
23107,ﾅｺﾞﾔｼｼｮｳﾜｸ,愛知県,名古屋市昭和区
23108,ﾅｺﾞﾔｼﾐｽﾞﾎｸ,愛知県,名古屋市瑞穂区
23109,ﾅｺﾞﾔｼｱﾂﾀｸ,愛知県,名古屋市熱田区
23110,ﾅｺﾞﾔｼﾅｶｶﾞﾜｸ,愛知県,名古屋市中川区
23111,ﾅｺﾞﾔｼﾐﾅﾄｸ,愛知県,名古屋市港区
23112,ﾅｺﾞﾔｼﾐﾅﾐｸ,愛知県,名古屋市南区
23113,ﾅｺﾞﾔｼﾓﾘﾔﾏｸ,愛知県,名古屋市守山区
23114,ﾅｺﾞﾔｼﾐﾄﾞﾘｸ,愛知県,名古屋市緑区
23115,ﾅｺﾞﾔｼﾒｲﾄｳｸ,愛知県,名古屋市名東区
23116,ﾅｺﾞﾔｼﾃﾝﾊﾟｸｸ,愛知県,名古屋市天白区
23201,ﾄﾖﾊｼｼ,愛知県,豊橋市
23202,ｵｶｻﾞｷｼ,愛知県,岡崎市
23203,ｲﾁﾉﾐﾔｼ,愛知県,一宮市
23204,ｾﾄｼ,愛知県,瀬戸市
23205,ﾊﾝﾀﾞｼ,愛知県,半田市
23206,ｶｽｶﾞｲｼ,愛知県,春日井市
23207,ﾄﾖｶﾜｼ,愛知県,豊川市
23208,ﾂｼﾏｼ,愛知県,津島市
23209,ﾍｷﾅﾝｼ,愛知県,碧南市
23210,ｶﾘﾔｼ,愛知県,刈谷市
23211,ﾄﾖﾀｼ,愛知県,豊田市
23212,ｱﾝｼﾞｮｳｼ,愛知県,安城市
23213,ﾆｼｵｼ,愛知県,西尾市
23214,ｶﾞﾏｺﾞｵﾘｼ,愛知県,蒲郡市
23215,ｲﾇﾔﾏｼ,愛知県,犬山市
23216,ﾄｺﾅﾒｼ,愛知県,常滑市
23217,ｺｳﾅﾝｼ,愛知県,江南市
23219,ｺﾏｷｼ,愛知県,小牧市
23220,ｲﾅｻﾞﾜｼ,愛知県,稲沢市
23221,ｼﾝｼﾛｼ,愛知県,新城市
23222,ﾄｳｶｲｼ,愛知県,東海市
23223,ｵｵﾌﾞｼ,愛知県,大府市
23224,ﾁﾀｼ,愛知県,知多市
23225,ﾁﾘｭｳｼ,愛知県,知立市
23226,ｵﾜﾘｱｻﾋｼ,愛知県,尾張旭市
23227,ﾀｶﾊﾏｼ,愛知県,高浜市
23228,ｲﾜｸﾗｼ,愛知県,岩倉市
23229,ﾄﾖｱｹｼ,愛知県,豊明市
23230,ﾆｯｼﾝｼ,愛知県,日進市
23231,ﾀﾊﾗｼ,愛知県,田原市
23232,ｱｲｻｲｼ,愛知県,愛西市
23233,ｷﾖｽｼ,愛知県,清須市
23234,ｷﾀﾅｺﾞﾔｼ,愛知県,北名古屋市
23235,ﾔﾄﾐｼ,愛知県,弥富市
23236,ﾐﾖｼｼ,愛知県,みよし市
23237,ｱﾏｼ,愛知県,あま市
23238,ﾅｶﾞｸﾃｼ,愛知県,長久手市
23302,ｱｲﾁｸﾞﾝﾄｳｺﾞｳﾁｮｳ,愛知県,愛知郡東郷町
23342,ﾆｼｶｽｶﾞｲｸﾞﾝﾄﾖﾔﾏﾁｮｳ,愛知県,西春日井郡豊山町
23361,ﾆﾜｸﾞﾝｵｵｸﾞﾁﾁｮｳ,愛知県,丹羽郡大口町
23362,ﾆﾜｸﾞﾝﾌｿｳﾁｮｳ,愛知県,丹羽郡扶桑町
23424,ｱﾏｸﾞﾝｵｵﾊﾙﾁｮｳ,愛知県,海部郡大治町
23425,ｱﾏｸﾞﾝｶﾆｴﾁｮｳ,愛知県,海部郡蟹江町
23427,ｱﾏｸﾞﾝﾄﾋﾞｼﾏﾑﾗ,愛知県,海部郡飛島村
23441,ﾁﾀｸﾞﾝｱｸﾞｲﾁｮｳ,愛知県,知多郡阿久比町
23442,ﾁﾀｸﾞﾝﾋｶﾞｼｳﾗﾁｮｳ,愛知県,知多郡東浦町
23445,ﾁﾀｸﾞﾝﾐﾅﾐﾁﾀﾁｮｳ,愛知県,知多郡南知多町
23446,ﾁﾀｸﾞﾝﾐﾊﾏﾁｮｳ,愛知県,知多郡美浜町
23447,ﾁﾀｸﾞﾝﾀｹﾄﾖﾁｮｳ,愛知県,知多郡武豊町
23501,ﾇｶﾀｸﾞﾝｺｳﾀﾁｮｳ,愛知県,額田郡幸田町
23561,ｷﾀｼﾀﾗｸﾞﾝｼﾀﾗﾁｮｳ,愛知県,北設楽郡設楽町
23562,ｷﾀｼﾀﾗｸﾞﾝﾄｳｴｲﾁｮｳ,愛知県,北設楽郡東栄町
23563,ｷﾀｼﾀﾗｸﾞﾝﾄﾖﾈﾑﾗ,愛知県,北設楽郡豊根村
24201,ﾂｼ,三重県,津市
24202,ﾖｯｶｲﾁｼ,三重県,四日市市
24203,ｲｾｼ,三重県,伊勢市
24204,ﾏﾂｻｶｼ,三重県,松阪市
24205,ｸﾜﾅｼ,三重県,桑名市
24207,ｽｽﾞｶｼ,三重県,鈴鹿市
24208,ﾅﾊﾞﾘｼ,三重県,名張市
24209,ｵﾜｾｼ,三重県,尾鷲市
24210,ｶﾒﾔﾏｼ,三重県,亀山市
24211,ﾄﾊﾞｼ,三重県,鳥羽市
24212,ｸﾏﾉｼ,三重県,熊野市
24214,ｲﾅﾍﾞｼ,三重県,いなべ市
24215,ｼﾏｼ,三重県,志摩市
24216,ｲｶﾞｼ,三重県,伊賀市
24303,ｸﾜﾅｸﾞﾝｷｿｻｷﾁｮｳ,三重県,桑名郡木曽岬町
24324,ｲﾅﾍﾞｸﾞﾝﾄｳｲﾝﾁｮｳ,三重県,員弁郡東員町
24341,ﾐｴｸﾞﾝｺﾓﾉﾁｮｳ,三重県,三重郡菰野町
24343,ﾐｴｸﾞﾝｱｻﾋﾁｮｳ,三重県,三重郡朝日町
24344,ﾐｴｸﾞﾝｶﾜｺﾞｴﾁｮｳ,三重県,三重郡川越町
24441,ﾀｷｸﾞﾝﾀｷﾁｮｳ,三重県,多気郡多気町
24442,ﾀｷｸﾞﾝﾒｲﾜﾁｮｳ,三重県,多気郡明和町
24443,ﾀｷｸﾞﾝｵｵﾀﾞｲﾁｮｳ,三重県,多気郡大台町
24461,ﾜﾀﾗｲｸﾞﾝﾀﾏｷﾁｮｳ,三重県,度会郡玉城町
24470,ﾜﾀﾗｲｸﾞﾝﾜﾀﾗｲﾁｮｳ,三重県,度会郡度会町
24471,ﾜﾀﾗｲｸﾞﾝﾀｲｷﾁｮｳ,三重県,度会郡大紀町
24472,ﾜﾀﾗｲｸﾞﾝﾐﾅﾐｲｾﾁｮｳ,三重県,度会郡南伊勢町
24543,ｷﾀﾑﾛｸﾞﾝｷﾎｸﾁｮｳ,三重県,北牟婁郡紀北町
24561,ﾐﾅﾐﾑﾛｸﾞﾝﾐﾊﾏﾁｮｳ,三重県,南牟婁郡御浜町
24562,ﾐﾅﾐﾑﾛｸﾞﾝｷﾎｳﾁｮｳ,三重県,南牟婁郡紀宝町
25201,ｵｵﾂｼ,滋賀県,大津市
25202,ﾋｺﾈｼ,滋賀県,彦根市
25203,ﾅｶﾞﾊﾏｼ,滋賀県,長浜市
25204,ｵｳﾐﾊﾁﾏﾝｼ,滋賀県,近江八幡市
25206,ｸｻﾂｼ,滋賀県,草津市
25207,ﾓﾘﾔﾏｼ,滋賀県,守山市
25208,ﾘｯﾄｳｼ,滋賀県,栗東市
25209,ｺｳｶｼ,滋賀県,甲賀市
25210,ﾔｽｼ,滋賀県,野洲市
25211,ｺﾅﾝｼ,滋賀県,湖南市
25212,ﾀｶｼﾏｼ,滋賀県,高島市
25213,ﾋｶﾞｼｵｳﾐｼ,滋賀県,東近江市
25214,ﾏｲﾊﾞﾗｼ,滋賀県,米原市
25383,ｶﾞﾓｳｸﾞﾝﾋﾉﾁｮｳ,滋賀県,蒲生郡日野町
25384,ｶﾞﾓｳｸﾞﾝﾘｭｳｵｳﾁｮｳ,滋賀県,蒲生郡竜王町
25425,ｴﾁｸﾞﾝｱｲｼｮｳﾁｮｳ,滋賀県,愛知郡愛荘町
25441,ｲﾇｶﾐｸﾞﾝﾄﾖｻﾄﾁｮｳ,滋賀県,犬上郡豊郷町
25442,ｲﾇｶﾐｸﾞﾝｺｳﾗﾁｮｳ,滋賀県,犬上郡甲良町
25443,ｲﾇｶﾐｸﾞﾝﾀｶﾞﾁｮｳ,滋賀県,犬上郡多賀町
26101,ｷｮｳﾄｼｷﾀｸ,京都府,京都市北区
26102,ｷｮｳﾄｼｶﾐｷﾞｮｳｸ,京都府,京都市上京区
26103,ｷｮｳﾄｼｻｷｮｳｸ,京都府,京都市左京区
26104,ｷｮｳﾄｼﾅｶｷﾞｮｳｸ,京都府,京都市中京区
26105,ｷｮｳﾄｼﾋｶﾞｼﾔﾏｸ,京都府,京都市東山区
26106,ｷｮｳﾄｼｼﾓｷﾞｮｳｸ,京都府,京都市下京区
26107,ｷｮｳﾄｼﾐﾅﾐｸ,京都府,京都市南区
26108,ｷｮｳﾄｼｳｷｮｳｸ,京都府,京都市右京区
26109,ｷｮｳﾄｼﾌｼﾐｸ,京都府,京都市伏見区
26110,ｷｮｳﾄｼﾔﾏｼﾅｸ,京都府,京都市山科区
26111,ｷｮｳﾄｼﾆｼｷｮｳｸ,京都府,京都市西京区
26201,ﾌｸﾁﾔﾏｼ,京都府,福知山市
26202,ﾏｲﾂﾞﾙｼ,京都府,舞鶴市
26203,ｱﾔﾍﾞｼ,京都府,綾部市
26204,ｳｼﾞｼ,京都府,宇治市
26205,ﾐﾔﾂﾞｼ,京都府,宮津市
26206,ｶﾒｵｶｼ,京都府,亀岡市
26207,ｼﾞｮｳﾖｳｼ,京都府,城陽市
26208,ﾑｺｳｼ,京都府,向日市
26209,ﾅｶﾞｵｶｷｮｳｼ,京都府,長岡京市
26210,ﾔﾜﾀｼ,京都府,八幡市
26211,ｷｮｳﾀﾅﾍﾞｼ,京都府,京田辺市
26212,ｷｮｳﾀﾝｺﾞｼ,京都府,京丹後市
26213,ﾅﾝﾀﾝｼ,京都府,南丹市
26214,ｷﾂﾞｶﾞﾜｼ,京都府,木津川市
26303,ｵﾄｸﾆｸﾞﾝｵｵﾔﾏｻﾞｷﾁｮｳ,京都府,乙訓郡大山崎町
26322,ｸｾｸﾞﾝｸﾐﾔﾏﾁｮｳ,京都府,久世郡久御山町
26343,ﾂﾂﾞｷｸﾞﾝｲﾃﾞﾁｮｳ,京都府,綴喜郡井手町
26344,ﾂﾂﾞｷｸﾞﾝｳｼﾞﾀﾜﾗﾁｮｳ,京都府,綴喜郡宇治田原町
26364,ｿｳﾗｸｸﾞﾝｶｻｷﾞﾁｮｳ,京都府,相楽郡笠置町
26365,ｿｳﾗｸｸﾞﾝﾜﾂﾞｶﾁｮｳ,京都府,相楽郡和束町
26366,ｿｳﾗｸｸﾞﾝｾｲｶﾁｮｳ,京都府,相楽郡精華町
26367,ｿｳﾗｸｸﾞﾝﾐﾅﾐﾔﾏｼﾛﾑﾗ,京都府,相楽郡南山城村
26407,ﾌﾅｲｸﾞﾝｷｮｳﾀﾝﾊﾞﾁｮｳ,京都府,船井郡京丹波町
26463,ﾖｻｸﾞﾝｲﾈﾁｮｳ,京都府,与謝郡伊根町
26465,ﾖｻｸﾞﾝﾖｻﾉﾁｮｳ,京都府,与謝郡与謝野町
27102,ｵｵｻｶｼﾐﾔｺｼﾞﾏｸ,大阪府,大阪市都島区
27103,ｵｵｻｶｼﾌｸｼﾏｸ,大阪府,大阪市福島区
27104,ｵｵｻｶｼｺﾉﾊﾅｸ,大阪府,大阪市此花区
27106,ｵｵｻｶｼﾆｼｸ,大阪府,大阪市西区
27107,ｵｵｻｶｼﾐﾅﾄｸ,大阪府,大阪市港区
27108,ｵｵｻｶｼﾀｲｼｮｳｸ,大阪府,大阪市大正区
27109,ｵｵｻｶｼﾃﾝﾉｳｼﾞｸ,大阪府,大阪市天王寺区
27111,ｵｵｻｶｼﾅﾆﾜｸ,大阪府,大阪市浪速区
27113,ｵｵｻｶｼﾆｼﾖﾄﾞｶﾞﾜｸ,大阪府,大阪市西淀川区
27114,ｵｵｻｶｼﾋｶﾞｼﾖﾄﾞｶﾞﾜｸ,大阪府,大阪市東淀川区
27115,ｵｵｻｶｼﾋｶﾞｼﾅﾘｸ,大阪府,大阪市東成区
27116,ｵｵｻｶｼｲｸﾉｸ,大阪府,大阪市生野区
27117,ｵｵｻｶｼｱｻﾋｸ,大阪府,大阪市旭区
27118,ｵｵｻｶｼｼﾞｮｳﾄｳｸ,大阪府,大阪市城東区
27119,ｵｵｻｶｼｱﾍﾞﾉｸ,大阪府,大阪市阿倍野区
27120,ｵｵｻｶｼｽﾐﾖｼｸ,大阪府,大阪市住吉区
27121,ｵｵｻｶｼﾋｶﾞｼｽﾐﾖｼｸ,大阪府,大阪市東住吉区
27122,ｵｵｻｶｼﾆｼﾅﾘｸ,大阪府,大阪市西成区
27123,ｵｵｻｶｼﾖﾄﾞｶﾞﾜｸ,大阪府,大阪市淀川区
27124,ｵｵｻｶｼﾂﾙﾐｸ,大阪府,大阪市鶴見区
27125,ｵｵｻｶｼｽﾐﾉｴｸ,大阪府,大阪市住之江区
27126,ｵｵｻｶｼﾋﾗﾉｸ,大阪府,大阪市平野区
27127,ｵｵｻｶｼｷﾀｸ,大阪府,大阪市北区
27128,ｵｵｻｶｼﾁｭｳｵｳｸ,大阪府,大阪市中央区
27141,ｻｶｲｼｻｶｲｸ,大阪府,堺市堺区
27142,ｻｶｲｼﾅｶｸ,大阪府,堺市中区
27143,ｻｶｲｼﾋｶﾞｼｸ,大阪府,堺市東区
27144,ｻｶｲｼﾆｼｸ,大阪府,堺市西区
27145,ｻｶｲｼﾐﾅﾐｸ,大阪府,堺市南区
27146,ｻｶｲｼｷﾀｸ,大阪府,堺市北区
27147,ｻｶｲｼﾐﾊﾗｸ,大阪府,堺市美原区
27202,ｷｼﾜﾀﾞｼ,大阪府,岸和田市
27203,ﾄﾖﾅｶｼ,大阪府,豊中市
27204,ｲｹﾀﾞｼ,大阪府,池田市
27205,ｽｲﾀｼ,大阪府,吹田市
27206,ｲｽﾞﾐｵｵﾂｼ,大阪府,泉大津市
27207,ﾀｶﾂｷｼ,大阪府,高槻市
27208,ｶｲﾂﾞｶｼ,大阪府,貝塚市
27209,ﾓﾘｸﾞﾁｼ,大阪府,守口市
27210,ﾋﾗｶﾀｼ,大阪府,枚方市
27211,ｲﾊﾞﾗｷｼ,大阪府,茨木市
27212,ﾔｵｼ,大阪府,八尾市
27213,ｲｽﾞﾐｻﾉｼ,大阪府,泉佐野市
27214,ﾄﾝﾀﾞﾊﾞﾔｼｼ,大阪府,富田林市
27215,ﾈﾔｶﾞﾜｼ,大阪府,寝屋川市
27216,ｶﾜﾁﾅｶﾞﾉｼ,大阪府,河内長野市
27217,ﾏﾂﾊﾞﾗｼ,大阪府,松原市
27218,ﾀﾞｲﾄｳｼ,大阪府,大東市
27219,ｲｽﾞﾐｼ,大阪府,和泉市
27220,ﾐﾉｵｼ,大阪府,箕面市
27221,ｶｼﾜﾗｼ,大阪府,柏原市
27222,ﾊﾋﾞｷﾉｼ,大阪府,羽曳野市
27223,ｶﾄﾞﾏｼ,大阪府,門真市
27224,ｾｯﾂｼ,大阪府,摂津市
27225,ﾀｶｲｼｼ,大阪府,高石市
27226,ﾌｼﾞｲﾃﾞﾗｼ,大阪府,藤井寺市
27227,ﾋｶﾞｼｵｵｻｶｼ,大阪府,東大阪市
27228,ｾﾝﾅﾝｼ,大阪府,泉南市
27229,ｼｼﾞｮｳﾅﾜﾃｼ,大阪府,四條畷市
27230,ｶﾀﾉｼ,大阪府,交野市
27231,ｵｵｻｶｻﾔﾏｼ,大阪府,大阪狭山市
27232,ﾊﾝﾅﾝｼ,大阪府,阪南市
27301,ﾐｼﾏｸﾞﾝｼﾏﾓﾄﾁｮｳ,大阪府,三島郡島本町
27321,ﾄﾖﾉｸﾞﾝﾄﾖﾉﾁｮｳ,大阪府,豊能郡豊能町
27322,ﾄﾖﾉｸﾞﾝﾉｾﾁｮｳ,大阪府,豊能郡能勢町
27341,ｾﾝﾎﾞｸｸﾞﾝﾀﾀﾞｵｶﾁｮｳ,大阪府,泉北郡忠岡町
27361,ｾﾝﾅﾝｸﾞﾝｸﾏﾄﾘﾁｮｳ,大阪府,泉南郡熊取町
27362,ｾﾝﾅﾝｸﾞﾝﾀｼﾞﾘﾁｮｳ,大阪府,泉南郡田尻町
27366,ｾﾝﾅﾝｸﾞﾝﾐｻｷﾁｮｳ,大阪府,泉南郡岬町
27381,ﾐﾅﾐｶﾜﾁｸﾞﾝﾀｲｼﾁｮｳ,大阪府,南河内郡太子町
27382,ﾐﾅﾐｶﾜﾁｸﾞﾝｶﾅﾝﾁｮｳ,大阪府,南河内郡河南町
27383,ﾐﾅﾐｶﾜﾁｸﾞﾝﾁﾊﾔｱｶｻｶﾑﾗ,大阪府,南河内郡千早赤阪村
28101,ｺｳﾍﾞｼﾋｶﾞｼﾅﾀﾞｸ,兵庫県,神戸市東灘区
28102,ｺｳﾍﾞｼﾅﾀﾞｸ,兵庫県,神戸市灘区
28105,ｺｳﾍﾞｼﾋｮｳｺﾞｸ,兵庫県,神戸市兵庫区
28106,ｺｳﾍﾞｼﾅｶﾞﾀｸ,兵庫県,神戸市長田区
28107,ｺｳﾍﾞｼｽﾏｸ,兵庫県,神戸市須磨区
28108,ｺｳﾍﾞｼﾀﾙﾐｸ,兵庫県,神戸市垂水区
28109,ｺｳﾍﾞｼｷﾀｸ,兵庫県,神戸市北区
28110,ｺｳﾍﾞｼﾁｭｳｵｳｸ,兵庫県,神戸市中央区
28111,ｺｳﾍﾞｼﾆｼｸ,兵庫県,神戸市西区
28201,ﾋﾒｼﾞｼ,兵庫県,姫路市
28202,ｱﾏｶﾞｻｷｼ,兵庫県,尼崎市
28203,ｱｶｼｼ,兵庫県,明石市
28204,ﾆｼﾉﾐﾔｼ,兵庫県,西宮市
28205,ｽﾓﾄｼ,兵庫県,洲本市
28206,ｱｼﾔｼ,兵庫県,芦屋市
28207,ｲﾀﾐｼ,兵庫県,伊丹市
28208,ｱｲｵｲｼ,兵庫県,相生市
28209,ﾄﾖｵｶｼ,兵庫県,豊岡市
28210,ｶｺｶﾞﾜｼ,兵庫県,加古川市
28212,ｱｺｳｼ,兵庫県,赤穂市
28213,ﾆｼﾜｷｼ,兵庫県,西脇市
28214,ﾀｶﾗﾂﾞｶｼ,兵庫県,宝塚市
28215,ﾐｷｼ,兵庫県,三木市
28216,ﾀｶｻｺﾞｼ,兵庫県,高砂市
28217,ｶﾜﾆｼｼ,兵庫県,川西市
28218,ｵﾉｼ,兵庫県,小野市
28219,ｻﾝﾀﾞｼ,兵庫県,三田市
28220,ｶｻｲｼ,兵庫県,加西市
28221,ﾀﾝﾊﾞｻｻﾔﾏｼ,兵庫県,丹波篠山市
28222,ﾔﾌﾞｼ,兵庫県,養父市
28223,ﾀﾝﾊﾞｼ,兵庫県,丹波市
28224,ﾐﾅﾐｱﾜｼﾞｼ,兵庫県,南あわじ市
28225,ｱｻｺﾞｼ,兵庫県,朝来市
28226,ｱﾜｼﾞｼ,兵庫県,淡路市
28227,ｼｿｳｼ,兵庫県,宍粟市
28228,ｶﾄｳｼ,兵庫県,加東市
28229,ﾀﾂﾉｼ,兵庫県,たつの市
28301,ｶﾜﾍﾞｸﾞﾝｲﾅｶﾞﾜﾁｮｳ,兵庫県,川辺郡猪名川町
28365,ﾀｶｸﾞﾝﾀｶﾁｮｳ,兵庫県,多可郡多可町
28381,ｶｺｸﾞﾝｲﾅﾐﾁｮｳ,兵庫県,加古郡稲美町
28382,ｶｺｸﾞﾝﾊﾘﾏﾁｮｳ,兵庫県,加古郡播磨町
28442,ｶﾝｻﾞｷｸﾞﾝｲﾁｶﾜﾁｮｳ,兵庫県,神崎郡市川町
28443,ｶﾝｻﾞｷｸﾞﾝﾌｸｻｷﾁｮｳ,兵庫県,神崎郡福崎町
28446,ｶﾝｻﾞｷｸﾞﾝｶﾐｶﾜﾁｮｳ,兵庫県,神崎郡神河町
28464,ｲﾎﾞｸﾞﾝﾀｲｼﾁｮｳ,兵庫県,揖保郡太子町
28481,ｱｺｳｸﾞﾝｶﾐｺﾞｵﾘﾁｮｳ,兵庫県,赤穂郡上郡町
28501,ｻﾖｳｸﾞﾝｻﾖｳﾁｮｳ,兵庫県,佐用郡佐用町
28585,ﾐｶﾀｸﾞﾝｶﾐﾁｮｳ,兵庫県,美方郡香美町
28586,ﾐｶﾀｸﾞﾝｼﾝｵﾝｾﾝﾁｮｳ,兵庫県,美方郡新温泉町
29201,ﾅﾗｼ,奈良県,奈良市
29202,ﾔﾏﾄﾀｶﾀﾞｼ,奈良県,大和高田市
29203,ﾔﾏﾄｺｵﾘﾔﾏｼ,奈良県,大和郡山市
29204,ﾃﾝﾘｼ,奈良県,天理市
29205,ｶｼﾊﾗｼ,奈良県,橿原市
29206,ｻｸﾗｲｼ,奈良県,桜井市
29207,ｺﾞｼﾞｮｳｼ,奈良県,五條市
29208,ｺﾞｾｼ,奈良県,御所市
29209,ｲｺﾏｼ,奈良県,生駒市
29210,ｶｼﾊﾞｼ,奈良県,香芝市
29211,ｶﾂﾗｷﾞｼ,奈良県,葛城市
29212,ｳﾀﾞｼ,奈良県,宇陀市
29322,ﾔﾏﾍﾞｸﾞﾝﾔﾏｿﾞｴﾑﾗ,奈良県,山辺郡山添村
29342,ｲｺﾏｸﾞﾝﾍｸﾞﾘﾁｮｳ,奈良県,生駒郡平群町
29343,ｲｺﾏｸﾞﾝｻﾝｺﾞｳﾁｮｳ,奈良県,生駒郡三郷町
29344,ｲｺﾏｸﾞﾝｲｶﾙｶﾞﾁｮｳ,奈良県,生駒郡斑鳩町
29345,ｲｺﾏｸﾞﾝｱﾝﾄﾞﾁｮｳ,奈良県,生駒郡安堵町
29361,ｼｷｸﾞﾝｶﾜﾆｼﾁｮｳ,奈良県,磯城郡川西町
29362,ｼｷｸﾞﾝﾐﾔｹﾁｮｳ,奈良県,磯城郡三宅町
29363,ｼｷｸﾞﾝﾀﾜﾗﾓﾄﾁｮｳ,奈良県,磯城郡田原本町
29385,ｳﾀﾞｸﾞﾝｿﾆﾑﾗ,奈良県,宇陀郡曽爾村
29386,ｳﾀﾞｸﾞﾝﾐﾂｴﾑﾗ,奈良県,宇陀郡御杖村
29401,ﾀｶｲﾁｸﾞﾝﾀｶﾄﾘﾁｮｳ,奈良県,高市郡高取町
29402,ﾀｶｲﾁｸﾞﾝｱｽｶﾑﾗ,奈良県,高市郡明日香村
29424,ｷﾀｶﾂﾗｷﾞｸﾞﾝｶﾝﾏｷﾁｮｳ,奈良県,北葛城郡上牧町
29425,ｷﾀｶﾂﾗｷﾞｸﾞﾝｵｳｼﾞﾁｮｳ,奈良県,北葛城郡王寺町
29426,ｷﾀｶﾂﾗｷﾞｸﾞﾝｺｳﾘｮｳﾁｮｳ,奈良県,北葛城郡広陵町
29427,ｷﾀｶﾂﾗｷﾞｸﾞﾝｶﾜｲﾁｮｳ,奈良県,北葛城郡河合町
29441,ﾖｼﾉｸﾞﾝﾖｼﾉﾁｮｳ,奈良県,吉野郡吉野町
29442,ﾖｼﾉｸﾞﾝｵｵﾖﾄﾞﾁｮｳ,奈良県,吉野郡大淀町
29443,ﾖｼﾉｸﾞﾝｼﾓｲﾁﾁｮｳ,奈良県,吉野郡下市町
29444,ﾖｼﾉｸﾞﾝｸﾛﾀｷﾑﾗ,奈良県,吉野郡黒滝村
29446,ﾖｼﾉｸﾞﾝﾃﾝｶﾜﾑﾗ,奈良県,吉野郡天川村
29447,ﾖｼﾉｸﾞﾝﾉｾｶﾞﾜﾑﾗ,奈良県,吉野郡野迫川村
29449,ﾖｼﾉｸﾞﾝﾄﾂｶﾜﾑﾗ,奈良県,吉野郡十津川村
29450,ﾖｼﾉｸﾞﾝｼﾓｷﾀﾔﾏﾑﾗ,奈良県,吉野郡下北山村
29451,ﾖｼﾉｸﾞﾝｶﾐｷﾀﾔﾏﾑﾗ,奈良県,吉野郡上北山村
29452,ﾖｼﾉｸﾞﾝｶﾜｶﾐﾑﾗ,奈良県,吉野郡川上村
29453,ﾖｼﾉｸﾞﾝﾋｶﾞｼﾖｼﾉﾑﾗ,奈良県,吉野郡東吉野村
30201,ﾜｶﾔﾏｼ,和歌山県,和歌山市
30202,ｶｲﾅﾝｼ,和歌山県,海南市
30203,ﾊｼﾓﾄｼ,和歌山県,橋本市
30204,ｱﾘﾀﾞｼ,和歌山県,有田市
30205,ｺﾞﾎﾞｳｼ,和歌山県,御坊市
30206,ﾀﾅﾍﾞｼ,和歌山県,田辺市
30207,ｼﾝｸﾞｳｼ,和歌山県,新宮市
30208,ｷﾉｶﾜｼ,和歌山県,紀の川市
30209,ｲﾜﾃﾞｼ,和歌山県,岩出市
30304,ｶｲｿｳｸﾞﾝｷﾐﾉﾁｮｳ,和歌山県,海草郡紀美野町
30341,ｲﾄｸﾞﾝｶﾂﾗｷﾞﾁｮｳ,和歌山県,伊都郡かつらぎ町
30343,ｲﾄｸﾞﾝｸﾄﾞﾔﾏﾁｮｳ,和歌山県,伊都郡九度山町
30344,ｲﾄｸﾞﾝｺｳﾔﾁｮｳ,和歌山県,伊都郡高野町
30361,ｱﾘﾀﾞｸﾞﾝﾕｱｻﾁｮｳ,和歌山県,有田郡湯浅町
30362,ｱﾘﾀﾞｸﾞﾝﾋﾛｶﾞﾜﾁｮｳ,和歌山県,有田郡広川町
30366,ｱﾘﾀﾞｸﾞﾝｱﾘﾀﾞｶﾞﾜﾁｮｳ,和歌山県,有田郡有田川町
30381,ﾋﾀﾞｶｸﾞﾝﾐﾊﾏﾁｮｳ,和歌山県,日高郡美浜町
30382,ﾋﾀﾞｶｸﾞﾝﾋﾀﾞｶﾁｮｳ,和歌山県,日高郡日高町
30383,ﾋﾀﾞｶｸﾞﾝﾕﾗﾁｮｳ,和歌山県,日高郡由良町
30390,ﾋﾀﾞｶｸﾞﾝｲﾅﾐﾁｮｳ,和歌山県,日高郡印南町
30391,ﾋﾀﾞｶｸﾞﾝﾐﾅﾍﾞﾁｮｳ,和歌山県,日高郡みなべ町
30392,ﾋﾀﾞｶｸﾞﾝﾋﾀﾞｶｶﾞﾜﾁｮｳ,和歌山県,日高郡日高川町
30401,ﾆｼﾑﾛｸﾞﾝｼﾗﾊﾏﾁｮｳ,和歌山県,西牟婁郡白浜町
30404,ﾆｼﾑﾛｸﾞﾝｶﾐﾄﾝﾀﾞﾁｮｳ,和歌山県,西牟婁郡上富田町
30406,ﾆｼﾑﾛｸﾞﾝｽｻﾐﾁｮｳ,和歌山県,西牟婁郡すさみ町
30421,ﾋｶﾞｼﾑﾛｸﾞﾝﾅﾁｶﾂｳﾗﾁｮｳ,和歌山県,東牟婁郡那智勝浦町
30422,ﾋｶﾞｼﾑﾛｸﾞﾝﾀｲｼﾞﾁｮｳ,和歌山県,東牟婁郡太地町
30424,ﾋｶﾞｼﾑﾛｸﾞﾝｺｻﾞｶﾞﾜﾁｮｳ,和歌山県,東牟婁郡古座川町
30427,ﾋｶﾞｼﾑﾛｸﾞﾝｷﾀﾔﾏﾑﾗ,和歌山県,東牟婁郡北山村
30428,ﾋｶﾞｼﾑﾛｸﾞﾝｸｼﾓﾄﾁｮｳ,和歌山県,東牟婁郡串本町
31201,ﾄｯﾄﾘｼ,鳥取県,鳥取市
31202,ﾖﾅｺﾞｼ,鳥取県,米子市
31203,ｸﾗﾖｼｼ,鳥取県,倉吉市
31204,ｻｶｲﾐﾅﾄｼ,鳥取県,境港市
31302,ｲﾜﾐｸﾞﾝｲﾜﾐﾁｮｳ,鳥取県,岩美郡岩美町
31325,ﾔｽﾞｸﾞﾝﾜｶｻﾁｮｳ,鳥取県,八頭郡若桜町
31328,ﾔｽﾞｸﾞﾝﾁﾂﾞﾁｮｳ,鳥取県,八頭郡智頭町
31329,ﾔｽﾞｸﾞﾝﾔｽﾞﾁｮｳ,鳥取県,八頭郡八頭町
31364,ﾄｳﾊｸｸﾞﾝﾐｻｻﾁｮｳ,鳥取県,東伯郡三朝町
31370,ﾄｳﾊｸｸﾞﾝﾕﾘﾊﾏﾁｮｳ,鳥取県,東伯郡湯梨浜町
31371,ﾄｳﾊｸｸﾞﾝｺﾄｳﾗﾁｮｳ,鳥取県,東伯郡琴浦町
31372,ﾄｳﾊｸｸﾞﾝﾎｸｴｲﾁｮｳ,鳥取県,東伯郡北栄町
31384,ｻｲﾊｸｸﾞﾝﾋｴﾂﾞｿﾝ,鳥取県,西伯郡日吉津村
31386,ｻｲﾊｸｸﾞﾝﾀﾞｲｾﾝﾁｮｳ,鳥取県,西伯郡大山町
31389,ｻｲﾊｸｸﾞﾝﾅﾝﾌﾞﾁｮｳ,鳥取県,西伯郡南部町
31390,ｻｲﾊｸｸﾞﾝﾎｳｷﾁｮｳ,鳥取県,西伯郡伯耆町
31401,ﾋﾉｸﾞﾝﾆﾁﾅﾝﾁｮｳ,鳥取県,日野郡日南町
31402,ﾋﾉｸﾞﾝﾋﾉﾁｮｳ,鳥取県,日野郡日野町
31403,ﾋﾉｸﾞﾝｺｳﾌﾁｮｳ,鳥取県,日野郡江府町
32201,ﾏﾂｴｼ,島根県,松江市
32202,ﾊﾏﾀﾞｼ,島根県,浜田市
32203,ｲｽﾞﾓｼ,島根県,出雲市
32204,ﾏｽﾀﾞｼ,島根県,益田市
32205,ｵｵﾀﾞｼ,島根県,大田市
32206,ﾔｽｷﾞｼ,島根県,安来市
32207,ｺﾞｳﾂｼ,島根県,江津市
32209,ｳﾝﾅﾝｼ,島根県,雲南市
32343,ﾆﾀｸﾞﾝｵｸｲｽﾞﾓﾁｮｳ,島根県,仁多郡奥出雲町
32386,ｲｲｼｸﾞﾝｲｲﾅﾝﾁｮｳ,島根県,飯石郡飯南町
32441,ｵｵﾁｸﾞﾝｶﾜﾓﾄﾏﾁ,島根県,邑智郡川本町
32448,ｵｵﾁｸﾞﾝﾐｻﾄﾁｮｳ,島根県,邑智郡美郷町
32449,ｵｵﾁｸﾞﾝｵｵﾅﾝﾁｮｳ,島根県,邑智郡邑南町
32501,ｶﾉｱｼｸﾞﾝﾂﾜﾉﾁｮｳ,島根県,鹿足郡津和野町
32505,ｶﾉｱｼｸﾞﾝﾖｼｶﾁｮｳ,島根県,鹿足郡吉賀町
32525,ｵｷｸﾞﾝｱﾏﾁｮｳ,島根県,隠岐郡海士町
32526,ｵｷｸﾞﾝﾆｼﾉｼﾏﾁｮｳ,島根県,隠岐郡西ノ島町
32527,ｵｷｸﾞﾝﾁﾌﾞﾑﾗ,島根県,隠岐郡知夫村
32528,ｵｷｸﾞﾝｵｷﾉｼﾏﾁｮｳ,島根県,隠岐郡隠岐の島町
33101,ｵｶﾔﾏｼｷﾀｸ,岡山県,岡山市北区
33102,ｵｶﾔﾏｼﾅｶｸ,岡山県,岡山市中区
33103,ｵｶﾔﾏｼﾋｶﾞｼｸ,岡山県,岡山市東区
33104,ｵｶﾔﾏｼﾐﾅﾐｸ,岡山県,岡山市南区
33202,ｸﾗｼｷｼ,岡山県,倉敷市
33203,ﾂﾔﾏｼ,岡山県,津山市
33204,ﾀﾏﾉｼ,岡山県,玉野市
33205,ｶｻｵｶｼ,岡山県,笠岡市
33207,ｲﾊﾞﾗｼ,岡山県,井原市
33208,ｿｳｼﾞｬｼ,岡山県,総社市
33209,ﾀｶﾊｼｼ,岡山県,高梁市
33210,ﾆｲﾐｼ,岡山県,新見市
33211,ﾋﾞｾﾞﾝｼ,岡山県,備前市
33212,ｾﾄｳﾁｼ,岡山県,瀬戸内市
33213,ｱｶｲﾜｼ,岡山県,赤磐市
33214,ﾏﾆﾜｼ,岡山県,真庭市
33215,ﾐﾏｻｶｼ,岡山県,美作市
33216,ｱｻｸﾁｼ,岡山県,浅口市
33346,ﾜｹｸﾞﾝﾜｹﾁｮｳ,岡山県,和気郡和気町
33423,ﾂｸﾎﾞｸﾞﾝﾊﾔｼﾏﾁｮｳ,岡山県,都窪郡早島町
33445,ｱｻｸﾁｸﾞﾝｻﾄｼｮｳﾁｮｳ,岡山県,浅口郡里庄町
33461,ｵﾀﾞｸﾞﾝﾔｶｹﾞﾁｮｳ,岡山県,小田郡矢掛町
33586,ﾏﾆﾜｸﾞﾝｼﾝｼﾞｮｳｿﾝ,岡山県,真庭郡新庄村
33606,ﾄﾏﾀｸﾞﾝｶｶﾞﾐﾉﾁｮｳ,岡山県,苫田郡鏡野町
33622,ｶﾂﾀｸﾞﾝｼｮｳｵｳﾁｮｳ,岡山県,勝田郡勝央町
33623,ｶﾂﾀｸﾞﾝﾅｷﾞﾁｮｳ,岡山県,勝田郡奈義町
33643,ｱｲﾀﾞｸﾞﾝﾆｼｱﾜｸﾗｿﾝ,岡山県,英田郡西粟倉村
33663,ｸﾒｸﾞﾝｸﾒﾅﾝﾁｮｳ,岡山県,久米郡久米南町
33666,ｸﾒｸﾞﾝﾐｻｷﾁｮｳ,岡山県,久米郡美咲町
33681,ｶｶﾞｸﾞﾝｷﾋﾞﾁｭｳｵｳﾁｮｳ,岡山県,加賀郡吉備中央町
34101,ﾋﾛｼﾏｼﾅｶｸ,広島県,広島市中区
34102,ﾋﾛｼﾏｼﾋｶﾞｼｸ,広島県,広島市東区
34103,ﾋﾛｼﾏｼﾐﾅﾐｸ,広島県,広島市南区
34104,ﾋﾛｼﾏｼﾆｼｸ,広島県,広島市西区
34105,ﾋﾛｼﾏｼｱｻﾐﾅﾐｸ,広島県,広島市安佐南区
34106,ﾋﾛｼﾏｼｱｻｷﾀｸ,広島県,広島市安佐北区
34107,ﾋﾛｼﾏｼｱｷｸ,広島県,広島市安芸区
34108,ﾋﾛｼﾏｼｻｴｷｸ,広島県,広島市佐伯区
34202,ｸﾚｼ,広島県,呉市
34203,ﾀｹﾊﾗｼ,広島県,竹原市
34204,ﾐﾊﾗｼ,広島県,三原市
34205,ｵﾉﾐﾁｼ,広島県,尾道市
34207,ﾌｸﾔﾏｼ,広島県,福山市
34208,ﾌﾁｭｳｼ,広島県,府中市
34209,ﾐﾖｼｼ,広島県,三次市
34210,ｼｮｳﾊﾞﾗｼ,広島県,庄原市
34211,ｵｵﾀｹｼ,広島県,大竹市
34212,ﾋｶﾞｼﾋﾛｼﾏｼ,広島県,東広島市
34213,ﾊﾂｶｲﾁｼ,広島県,廿日市市
34214,ｱｷﾀｶﾀｼ,広島県,安芸高田市
34215,ｴﾀｼﾞﾏｼ,広島県,江田島市
34302,ｱｷｸﾞﾝﾌﾁｭｳﾁｮｳ,広島県,安芸郡府中町
34304,ｱｷｸﾞﾝｶｲﾀﾁｮｳ,広島県,安芸郡海田町
34307,ｱｷｸﾞﾝｸﾏﾉﾁｮｳ,広島県,安芸郡熊野町
34309,ｱｷｸﾞﾝｻｶﾁｮｳ,広島県,安芸郡坂町
34368,ﾔﾏｶﾞﾀｸﾞﾝｱｷｵｵﾀﾁｮｳ,広島県,山県郡安芸太田町
34369,ﾔﾏｶﾞﾀｸﾞﾝｷﾀﾋﾛｼﾏﾁｮｳ,広島県,山県郡北広島町
34431,ﾄﾖﾀｸﾞﾝｵｵｻｷｶﾐｼﾞﾏﾁｮｳ,広島県,豊田郡大崎上島町
34462,ｾﾗｸﾞﾝｾﾗﾁｮｳ,広島県,世羅郡世羅町
34545,ｼﾞﾝｾｷｸﾞﾝｼﾞﾝｾｷｺｳｹﾞﾝﾁｮｳ,広島県,神石郡神石高原町
35201,ｼﾓﾉｾｷｼ,山口県,下関市
35202,ｳﾍﾞｼ,山口県,宇部市
35203,ﾔﾏｸﾞﾁｼ,山口県,山口市
35204,ﾊｷﾞｼ,山口県,萩市
35206,ﾎｳﾌｼ,山口県,防府市
35207,ｸﾀﾞﾏﾂｼ,山口県,下松市
35208,ｲﾜｸﾆｼ,山口県,岩国市
35210,ﾋｶﾘｼ,山口県,光市
35211,ﾅｶﾞﾄｼ,山口県,長門市
35212,ﾔﾅｲｼ,山口県,柳井市
35213,ﾐﾈｼ,山口県,美祢市
35215,ｼｭｳﾅﾝｼ,山口県,周南市
35216,ｻﾝﾖｳｵﾉﾀﾞｼ,山口県,山陽小野田市
35305,ｵｵｼﾏｸﾞﾝｽｵｳｵｵｼﾏﾁｮｳ,山口県,大島郡周防大島町
35321,ｸｶﾞｸﾞﾝﾜｷﾁｮｳ,山口県,玖珂郡和木町
35341,ｸﾏｹﾞｸﾞﾝｶﾐﾉｾｷﾁｮｳ,山口県,熊毛郡上関町
35343,ｸﾏｹﾞｸﾞﾝﾀﾌﾞｾﾁｮｳ,山口県,熊毛郡田布施町
35344,ｸﾏｹﾞｸﾞﾝﾋﾗｵﾁｮｳ,山口県,熊毛郡平生町
35502,ｱﾌﾞｸﾞﾝｱﾌﾞﾁｮｳ,山口県,阿武郡阿武町
36201,ﾄｸｼﾏｼ,徳島県,徳島市
36202,ﾅﾙﾄｼ,徳島県,鳴門市
36203,ｺﾏﾂｼﾏｼ,徳島県,小松島市
36204,ｱﾅﾝｼ,徳島県,阿南市
36205,ﾖｼﾉｶﾞﾜｼ,徳島県,吉野川市
36206,ｱﾜｼ,徳島県,阿波市
36207,ﾐﾏｼ,徳島県,美馬市
36208,ﾐﾖｼｼ,徳島県,三好市
36301,ｶﾂｳﾗｸﾞﾝｶﾂｳﾗﾁｮｳ,徳島県,勝浦郡勝浦町
36302,ｶﾂｳﾗｸﾞﾝｶﾐｶﾂﾁｮｳ,徳島県,勝浦郡上勝町
36321,ﾐｮｳﾄﾞｳｸﾞﾝｻﾅｺﾞｳﾁｿﾝ,徳島県,名東郡佐那河内村
36341,ﾐｮｳｻﾞｲｸﾞﾝｲｼｲﾁｮｳ,徳島県,名西郡石井町
36342,ﾐｮｳｻﾞｲｸﾞﾝｶﾐﾔﾏﾁｮｳ,徳島県,名西郡神山町
36368,ﾅｶｸﾞﾝﾅｶﾁｮｳ,徳島県,那賀郡那賀町
36383,ｶｲﾌｸﾞﾝﾑｷﾞﾁｮｳ,徳島県,海部郡牟岐町
36387,ｶｲﾌｸﾞﾝﾐﾅﾐﾁｮｳ,徳島県,海部郡美波町
36388,ｶｲﾌｸﾞﾝｶｲﾖｳﾁｮｳ,徳島県,海部郡海陽町
36401,ｲﾀﾉｸﾞﾝﾏﾂｼｹﾞﾁｮｳ,徳島県,板野郡松茂町
36402,ｲﾀﾉｸﾞﾝｷﾀｼﾞﾏﾁｮｳ,徳島県,板野郡北島町
36403,ｲﾀﾉｸﾞﾝｱｲｽﾞﾐﾁｮｳ,徳島県,板野郡藍住町
36404,ｲﾀﾉｸﾞﾝｲﾀﾉﾁｮｳ,徳島県,板野郡板野町
36405,ｲﾀﾉｸﾞﾝｶﾐｲﾀﾁｮｳ,徳島県,板野郡上板町
36468,ﾐﾏｸﾞﾝﾂﾙｷﾞﾁｮｳ,徳島県,美馬郡つるぎ町
36489,ﾐﾖｼｸﾞﾝﾋｶﾞｼﾐﾖｼﾁｮｳ,徳島県,三好郡東みよし町
37201,ﾀｶﾏﾂｼ,香川県,高松市
37202,ﾏﾙｶﾞﾒｼ,香川県,丸亀市
37203,ｻｶｲﾃﾞｼ,香川県,坂出市
37204,ｾﾞﾝﾂｳｼﾞｼ,香川県,善通寺市
37205,ｶﾝｵﾝｼﾞｼ,香川県,観音寺市
37206,ｻﾇｷｼ,香川県,さぬき市
37207,ﾋｶﾞｼｶｶﾞﾜｼ,香川県,東かがわ市
37208,ﾐﾄﾖｼ,香川県,三豊市
37322,ｼｮｳｽﾞｸﾞﾝﾄﾉｼｮｳﾁｮｳ,香川県,小豆郡土庄町
37324,ｼｮｳｽﾞｸﾞﾝｼｮｳﾄﾞｼﾏﾁｮｳ,香川県,小豆郡小豆島町
37341,ｷﾀｸﾞﾝﾐｷﾁｮｳ,香川県,木田郡三木町
37364,ｶｶﾞﾜｸﾞﾝﾅｵｼﾏﾁｮｳ,香川県,香川郡直島町
37386,ｱﾔｳﾀｸﾞﾝｳﾀﾂﾞﾁｮｳ,香川県,綾歌郡宇多津町
37387,ｱﾔｳﾀｸﾞﾝｱﾔｶﾞﾜﾁｮｳ,香川県,綾歌郡綾川町
37403,ﾅｶﾀﾄﾞｸﾞﾝｺﾄﾋﾗﾁｮｳ,香川県,仲多度郡琴平町
37404,ﾅｶﾀﾄﾞｸﾞﾝﾀﾄﾞﾂﾁｮｳ,香川県,仲多度郡多度津町
37406,ﾅｶﾀﾄﾞｸﾞﾝﾏﾝﾉｳﾁｮｳ,香川県,仲多度郡まんのう町
38201,ﾏﾂﾔﾏｼ,愛媛県,松山市
38202,ｲﾏﾊﾞﾘｼ,愛媛県,今治市
38203,ｳﾜｼﾞﾏｼ,愛媛県,宇和島市
38204,ﾔﾜﾀﾊﾏｼ,愛媛県,八幡浜市
38205,ﾆｲﾊﾏｼ,愛媛県,新居浜市
38206,ｻｲｼﾞｮｳｼ,愛媛県,西条市
38207,ｵｵｽﾞｼ,愛媛県,大洲市
38210,ｲﾖｼ,愛媛県,伊予市
38213,ｼｺｸﾁｭｳｵｳｼ,愛媛県,四国中央市
38214,ｾｲﾖｼ,愛媛県,西予市
38215,ﾄｳｵﾝｼ,愛媛県,東温市
38356,ｵﾁｸﾞﾝｶﾐｼﾞﾏﾁｮｳ,愛媛県,越智郡上島町
38386,ｶﾐｳｹﾅｸﾞﾝｸﾏｺｳｹﾞﾝﾁｮｳ,愛媛県,上浮穴郡久万高原町
38401,ｲﾖｸﾞﾝﾏｻｷﾁｮｳ,愛媛県,伊予郡松前町
38402,ｲﾖｸﾞﾝﾄﾍﾞﾁｮｳ,愛媛県,伊予郡砥部町
38422,ｷﾀｸﾞﾝｳﾁｺﾁｮｳ,愛媛県,喜多郡内子町
38442,ﾆｼｳﾜｸﾞﾝｲｶﾀﾁｮｳ,愛媛県,西宇和郡伊方町
38484,ｷﾀｳﾜｸﾞﾝﾏﾂﾉﾁｮｳ,愛媛県,北宇和郡松野町
38488,ｷﾀｳﾜｸﾞﾝｷﾎｸﾁｮｳ,愛媛県,北宇和郡鬼北町
38506,ﾐﾅﾐｳﾜｸﾞﾝｱｲﾅﾝﾁｮｳ,愛媛県,南宇和郡愛南町
39201,ｺｳﾁｼ,高知県,高知市
39202,ﾑﾛﾄｼ,高知県,室戸市
39203,ｱｷｼ,高知県,安芸市
39204,ﾅﾝｺｸｼ,高知県,南国市
39205,ﾄｻｼ,高知県,土佐市
39206,ｽｻｷｼ,高知県,須崎市
39208,ｽｸﾓｼ,高知県,宿毛市
39209,ﾄｻｼﾐｽﾞｼ,高知県,土佐清水市
39210,ｼﾏﾝﾄｼ,高知県,四万十市
39211,ｺｳﾅﾝｼ,高知県,香南市
39212,ｶﾐｼ,高知県,香美市
39301,ｱｷｸﾞﾝﾄｳﾖｳﾁｮｳ,高知県,安芸郡東洋町
39302,ｱｷｸﾞﾝﾅﾊﾘﾁｮｳ,高知県,安芸郡奈半利町
39303,ｱｷｸﾞﾝﾀﾉﾁｮｳ,高知県,安芸郡田野町
39304,ｱｷｸﾞﾝﾔｽﾀﾞﾁｮｳ,高知県,安芸郡安田町
39305,ｱｷｸﾞﾝｷﾀｶﾞﾜﾑﾗ,高知県,安芸郡北川村
39306,ｱｷｸﾞﾝｳﾏｼﾞﾑﾗ,高知県,安芸郡馬路村
39307,ｱｷｸﾞﾝｹﾞｲｾｲﾑﾗ,高知県,安芸郡芸西村
39341,ﾅｶﾞｵｶｸﾞﾝﾓﾄﾔﾏﾁｮｳ,高知県,長岡郡本山町
39344,ﾅｶﾞｵｶｸﾞﾝｵｵﾄﾖﾁｮｳ,高知県,長岡郡大豊町
39363,ﾄｻｸﾞﾝﾄｻﾁｮｳ,高知県,土佐郡土佐町
39364,ﾄｻｸﾞﾝｵｵｶﾜﾑﾗ,高知県,土佐郡大川村
39386,ｱｶﾞﾜｸﾞﾝｲﾉﾁｮｳ,高知県,吾川郡いの町
39387,ｱｶﾞﾜｸﾞﾝﾆﾖﾄﾞｶﾞﾜﾁｮｳ,高知県,吾川郡仁淀川町
39401,ﾀｶｵｶｸﾞﾝﾅｶﾄｻﾁｮｳ,高知県,高岡郡中土佐町
39402,ﾀｶｵｶｸﾞﾝｻｶﾜﾁｮｳ,高知県,高岡郡佐川町
39403,ﾀｶｵｶｸﾞﾝｵﾁﾁｮｳ,高知県,高岡郡越知町
39405,ﾀｶｵｶｸﾞﾝﾕｽﾊﾗﾁｮｳ,高知県,高岡郡檮原町
39410,ﾀｶｵｶｸﾞﾝﾋﾀﾞｶﾑﾗ,高知県,高岡郡日高村
39411,ﾀｶｵｶｸﾞﾝﾂﾉﾁｮｳ,高知県,高岡郡津野町
39412,ﾀｶｵｶｸﾞﾝｼﾏﾝﾄﾁｮｳ,高知県,高岡郡四万十町
39424,ﾊﾀｸﾞﾝｵｵﾂｷﾁｮｳ,高知県,幡多郡大月町
39427,ﾊﾀｸﾞﾝﾐﾊﾗﾑﾗ,高知県,幡多郡三原村
39428,ﾊﾀｸﾞﾝｸﾛｼｵﾁｮｳ,高知県,幡多郡黒潮町
40101,ｷﾀｷｭｳｼｭｳｼﾓｼﾞｸ,福岡県,北九州市門司区
40103,ｷﾀｷｭｳｼｭｳｼﾜｶﾏﾂｸ,福岡県,北九州市若松区
40105,ｷﾀｷｭｳｼｭｳｼﾄﾊﾞﾀｸ,福岡県,北九州市戸畑区
40106,ｷﾀｷｭｳｼｭｳｼｺｸﾗｷﾀｸ,福岡県,北九州市小倉北区
40107,ｷﾀｷｭｳｼｭｳｼｺｸﾗﾐﾅﾐｸ,福岡県,北九州市小倉南区
40108,ｷﾀｷｭｳｼｭｳｼﾔﾊﾀﾋｶﾞｼｸ,福岡県,北九州市八幡東区
40109,ｷﾀｷｭｳｼｭｳｼﾔﾊﾀﾆｼｸ,福岡県,北九州市八幡西区
40131,ﾌｸｵｶｼﾋｶﾞｼｸ,福岡県,福岡市東区
40132,ﾌｸｵｶｼﾊｶﾀｸ,福岡県,福岡市博多区
40133,ﾌｸｵｶｼﾁｭｳｵｳｸ,福岡県,福岡市中央区
40134,ﾌｸｵｶｼﾐﾅﾐｸ,福岡県,福岡市南区
40135,ﾌｸｵｶｼﾆｼｸ,福岡県,福岡市西区
40136,ﾌｸｵｶｼｼﾞｮｳﾅﾝｸ,福岡県,福岡市城南区
40137,ﾌｸｵｶｼｻﾜﾗｸ,福岡県,福岡市早良区
40202,ｵｵﾑﾀｼ,福岡県,大牟田市
40203,ｸﾙﾒｼ,福岡県,久留米市
40204,ﾉｵｶﾞﾀｼ,福岡県,直方市
40205,ｲｲﾂﾞｶｼ,福岡県,飯塚市
40206,ﾀｶﾞﾜｼ,福岡県,田川市
40207,ﾔﾅｶﾞﾜｼ,福岡県,柳川市
40210,ﾔﾒｼ,福岡県,八女市
40211,ﾁｸｺﾞｼ,福岡県,筑後市
40212,ｵｵｶﾜｼ,福岡県,大川市
40213,ﾕｸﾊｼｼ,福岡県,行橋市
40214,ﾌﾞｾﾞﾝｼ,福岡県,豊前市
40215,ﾅｶﾏｼ,福岡県,中間市
40216,ｵｺﾞｵﾘｼ,福岡県,小郡市
40217,ﾁｸｼﾉｼ,福岡県,筑紫野市
40218,ｶｽｶﾞｼ,福岡県,春日市
40219,ｵｵﾉｼﾞｮｳｼ,福岡県,大野城市
40220,ﾑﾅｶﾀｼ,福岡県,宗像市
40221,ﾀﾞｻﾞｲﾌｼ,福岡県,太宰府市
40223,ｺｶﾞｼ,福岡県,古賀市
40224,ﾌｸﾂｼ,福岡県,福津市
40225,ｳｷﾊｼ,福岡県,うきは市
40226,ﾐﾔﾜｶｼ,福岡県,宮若市
40227,ｶﾏｼ,福岡県,嘉麻市
40228,ｱｻｸﾗｼ,福岡県,朝倉市
40229,ﾐﾔﾏｼ,福岡県,みやま市
40230,ｲﾄｼﾏｼ,福岡県,糸島市
40231,ﾅｶｶﾞﾜｼ,福岡県,那珂川市
40341,ｶｽﾔｸﾞﾝｳﾐﾏﾁ,福岡県,糟屋郡宇美町
40342,ｶｽﾔｸﾞﾝｻｻｸﾞﾘﾏﾁ,福岡県,糟屋郡篠栗町
40343,ｶｽﾔｸﾞﾝｼﾒﾏﾁ,福岡県,糟屋郡志免町
40344,ｶｽﾔｸﾞﾝｽｴﾏﾁ,福岡県,糟屋郡須惠町
40345,ｶｽﾔｸﾞﾝｼﾝｸﾞｳﾏﾁ,福岡県,糟屋郡新宮町
40348,ｶｽﾔｸﾞﾝﾋｻﾔﾏﾏﾁ,福岡県,糟屋郡久山町
40349,ｶｽﾔｸﾞﾝｶｽﾔﾏﾁ,福岡県,糟屋郡粕屋町
40381,ｵﾝｶﾞｸﾞﾝｱｼﾔﾏﾁ,福岡県,遠賀郡芦屋町
40382,ｵﾝｶﾞｸﾞﾝﾐｽﾞﾏｷﾏﾁ,福岡県,遠賀郡水巻町
40383,ｵﾝｶﾞｸﾞﾝｵｶｶﾞｷﾏﾁ,福岡県,遠賀郡岡垣町
40384,ｵﾝｶﾞｸﾞﾝｵﾝｶﾞﾁｮｳ,福岡県,遠賀郡遠賀町
40401,ｸﾗﾃｸﾞﾝｺﾀｹﾏﾁ,福岡県,鞍手郡小竹町
40402,ｸﾗﾃｸﾞﾝｸﾗﾃﾏﾁ,福岡県,鞍手郡鞍手町
40421,ｶﾎｸﾞﾝｹｲｾﾝﾏﾁ,福岡県,嘉穂郡桂川町
40447,ｱｻｸﾗｸﾞﾝﾁｸｾﾞﾝﾏﾁ,福岡県,朝倉郡筑前町
40448,ｱｻｸﾗｸﾞﾝﾄｳﾎｳﾑﾗ,福岡県,朝倉郡東峰村
40503,ﾐｲｸﾞﾝﾀﾁｱﾗｲﾏﾁ,福岡県,三井郡大刀洗町
40522,ﾐｽﾞﾏｸﾞﾝｵｵｷﾏﾁ,福岡県,三潴郡大木町
40544,ﾔﾒｸﾞﾝﾋﾛｶﾜﾏﾁ,福岡県,八女郡広川町
40601,ﾀｶﾞﾜｸﾞﾝｶﾜﾗﾏﾁ,福岡県,田川郡香春町
40602,ﾀｶﾞﾜｸﾞﾝｿｴﾀﾞﾏﾁ,福岡県,田川郡添田町
40604,ﾀｶﾞﾜｸﾞﾝｲﾄﾀﾞﾏﾁ,福岡県,田川郡糸田町
40605,ﾀｶﾞﾜｸﾞﾝｶﾜｻｷﾏﾁ,福岡県,田川郡川崎町
40608,ﾀｶﾞﾜｸﾞﾝｵｵﾄｳﾏﾁ,福岡県,田川郡大任町
40609,ﾀｶﾞﾜｸﾞﾝｱｶﾑﾗ,福岡県,田川郡赤村
40610,ﾀｶﾞﾜｸﾞﾝﾌｸﾁﾏﾁ,福岡県,田川郡福智町
40621,ﾐﾔｺｸﾞﾝｶﾝﾀﾞﾏﾁ,福岡県,京都郡苅田町
40625,ﾐﾔｺｸﾞﾝﾐﾔｺﾏﾁ,福岡県,京都郡みやこ町
40642,ﾁｸｼﾞｮｳｸﾞﾝﾖｼﾄﾐﾏﾁ,福岡県,築上郡吉富町
40646,ﾁｸｼﾞｮｳｸﾞﾝｺｳｹﾞﾏﾁ,福岡県,築上郡上毛町
40647,ﾁｸｼﾞｮｳｸﾞﾝﾁｸｼﾞｮｳﾏﾁ,福岡県,築上郡築上町
41201,ｻｶﾞｼ,佐賀県,佐賀市
41202,ｶﾗﾂｼ,佐賀県,唐津市
41203,ﾄｽｼ,佐賀県,鳥栖市
41204,ﾀｸｼ,佐賀県,多久市
41205,ｲﾏﾘｼ,佐賀県,伊万里市
41206,ﾀｹｵｼ,佐賀県,武雄市
41207,ｶｼﾏｼ,佐賀県,鹿島市
41208,ｵｷﾞｼ,佐賀県,小城市
41209,ｳﾚｼﾉｼ,佐賀県,嬉野市
41210,ｶﾝｻﾞｷｼ,佐賀県,神埼市
41327,ｶﾝｻﾞｷｸﾞﾝﾖｼﾉｶﾞﾘﾁｮｳ,佐賀県,神埼郡吉野ヶ里町
41341,ﾐﾔｷｸﾞﾝｷﾔﾏﾁｮｳ,佐賀県,三養基郡基山町
41345,ﾐﾔｷｸﾞﾝｶﾐﾐﾈﾁｮｳ,佐賀県,三養基郡上峰町
41346,ﾐﾔｷｸﾞﾝﾐﾔｷﾁｮｳ,佐賀県,三養基郡みやき町
41387,ﾋｶﾞｼﾏﾂｳﾗｸﾞﾝｹﾞﾝｶｲﾁｮｳ,佐賀県,東松浦郡玄海町
41401,ﾆｼﾏﾂｳﾗｸﾞﾝｱﾘﾀﾁｮｳ,佐賀県,西松浦郡有田町
41423,ｷｼﾏｸﾞﾝｵｵﾏﾁﾁｮｳ,佐賀県,杵島郡大町町
41424,ｷｼﾏｸﾞﾝｺｳﾎｸﾏﾁ,佐賀県,杵島郡江北町
41425,ｷｼﾏｸﾞﾝｼﾛｲｼﾁｮｳ,佐賀県,杵島郡白石町
41441,ﾌｼﾞﾂｸﾞﾝﾀﾗﾁｮｳ,佐賀県,藤津郡太良町
42201,ﾅｶﾞｻｷｼ,長崎県,長崎市
42202,ｻｾﾎﾞｼ,長崎県,佐世保市
42203,ｼﾏﾊﾞﾗｼ,長崎県,島原市
42204,ｲｻﾊﾔｼ,長崎県,諫早市
42205,ｵｵﾑﾗｼ,長崎県,大村市
42207,ﾋﾗﾄﾞｼ,長崎県,平戸市
42208,ﾏﾂｳﾗｼ,長崎県,松浦市
42209,ﾂｼﾏｼ,長崎県,対馬市
42210,ｲｷｼ,長崎県,壱岐市
42211,ｺﾞﾄｳｼ,長崎県,五島市
42212,ｻｲｶｲｼ,長崎県,西海市
42213,ｳﾝｾﾞﾝｼ,長崎県,雲仙市
42214,ﾐﾅﾐｼﾏﾊﾞﾗｼ,長崎県,南島原市
42307,ﾆｼｿﾉｷﾞｸﾞﾝﾅｶﾞﾖﾁｮｳ,長崎県,西彼杵郡長与町
42308,ﾆｼｿﾉｷﾞｸﾞﾝﾄｷﾞﾂﾁｮｳ,長崎県,西彼杵郡時津町
42321,ﾋｶﾞｼｿﾉｷﾞｸﾞﾝﾋｶﾞｼｿﾉｷﾞﾁｮｳ,長崎県,東彼杵郡東彼杵町
42322,ﾋｶﾞｼｿﾉｷﾞｸﾞﾝｶﾜﾀﾅﾁｮｳ,長崎県,東彼杵郡川棚町
42323,ﾋｶﾞｼｿﾉｷﾞｸﾞﾝﾊｻﾐﾁｮｳ,長崎県,東彼杵郡波佐見町
42383,ｷﾀﾏﾂｳﾗｸﾞﾝｵﾁﾞｶﾁｮｳ,長崎県,北松浦郡小値賀町
42391,ｷﾀﾏﾂｳﾗｸﾞﾝｻｻﾞﾁｮｳ,長崎県,北松浦郡佐々町
42411,ﾐﾅﾐﾏﾂｳﾗｸﾞﾝｼﾝｶﾐｺﾞﾄｳﾁｮｳ,長崎県,南松浦郡新上五島町
43101,ｸﾏﾓﾄｼﾁｭｳｵｳｸ,熊本県,熊本市中央区
43102,ｸﾏﾓﾄｼﾋｶﾞｼｸ,熊本県,熊本市東区
43103,ｸﾏﾓﾄｼﾆｼｸ,熊本県,熊本市西区
43104,ｸﾏﾓﾄｼﾐﾅﾐｸ,熊本県,熊本市南区
43105,ｸﾏﾓﾄｼｷﾀｸ,熊本県,熊本市北区
43202,ﾔﾂｼﾛｼ,熊本県,八代市
43203,ﾋﾄﾖｼｼ,熊本県,人吉市
43204,ｱﾗｵｼ,熊本県,荒尾市
43205,ﾐﾅﾏﾀｼ,熊本県,水俣市
43206,ﾀﾏﾅｼ,熊本県,玉名市
43208,ﾔﾏｶﾞｼ,熊本県,山鹿市
43210,ｷｸﾁｼ,熊本県,菊池市
43211,ｳﾄｼ,熊本県,宇土市
43212,ｶﾐｱﾏｸｻｼ,熊本県,上天草市
43213,ｳｷｼ,熊本県,宇城市
43214,ｱｿｼ,熊本県,阿蘇市
43215,ｱﾏｸｻｼ,熊本県,天草市
43216,ｺｳｼｼ,熊本県,合志市
43348,ｼﾓﾏｼｷｸﾞﾝﾐｻﾄﾏﾁ,熊本県,下益城郡美里町
43364,ﾀﾏﾅｸﾞﾝｷﾞｮｸﾄｳﾏﾁ,熊本県,玉名郡玉東町
43367,ﾀﾏﾅｸﾞﾝﾅﾝｶﾝﾏﾁ,熊本県,玉名郡南関町
43368,ﾀﾏﾅｸﾞﾝﾅｶﾞｽﾏﾁ,熊本県,玉名郡長洲町
43369,ﾀﾏﾅｸﾞﾝﾅｺﾞﾐﾏﾁ,熊本県,玉名郡和水町
43403,ｷｸﾁｸﾞﾝｵｵﾂﾞﾏﾁ,熊本県,菊池郡大津町
43404,ｷｸﾁｸﾞﾝｷｸﾖｳﾏﾁ,熊本県,菊池郡菊陽町
43423,ｱｿｸﾞﾝﾐﾅﾐｵｸﾞﾆﾏﾁ,熊本県,阿蘇郡南小国町
43424,ｱｿｸﾞﾝｵｸﾞﾆﾏﾁ,熊本県,阿蘇郡小国町
43425,ｱｿｸﾞﾝｳﾌﾞﾔﾏﾑﾗ,熊本県,阿蘇郡産山村
43428,ｱｿｸﾞﾝﾀｶﾓﾘﾏﾁ,熊本県,阿蘇郡高森町
43432,ｱｿｸﾞﾝﾆｼﾊﾗﾑﾗ,熊本県,阿蘇郡西原村
43433,ｱｿｸﾞﾝﾐﾅﾐｱｿﾑﾗ,熊本県,阿蘇郡南阿蘇村
43441,ｶﾐﾏｼｷｸﾞﾝﾐﾌﾈﾏﾁ,熊本県,上益城郡御船町
43442,ｶﾐﾏｼｷｸﾞﾝｶｼﾏﾏﾁ,熊本県,上益城郡嘉島町
43443,ｶﾐﾏｼｷｸﾞﾝﾏｼｷﾏﾁ,熊本県,上益城郡益城町
43444,ｶﾐﾏｼｷｸﾞﾝｺｳｻﾏﾁ,熊本県,上益城郡甲佐町
43447,ｶﾐﾏｼｷｸﾞﾝﾔﾏﾄﾁｮｳ,熊本県,上益城郡山都町
43468,ﾔﾂｼﾛｸﾞﾝﾋｶﾜﾁｮｳ,熊本県,八代郡氷川町
43482,ｱｼｷﾀｸﾞﾝｱｼｷﾀﾏﾁ,熊本県,葦北郡芦北町
43484,ｱｼｷﾀｸﾞﾝﾂﾅｷﾞﾏﾁ,熊本県,葦北郡津奈木町
43501,ｸﾏｸﾞﾝﾆｼｷﾏﾁ,熊本県,球磨郡錦町
43505,ｸﾏｸﾞﾝﾀﾗｷﾞﾏﾁ,熊本県,球磨郡多良木町
43506,ｸﾏｸﾞﾝﾕﾉﾏｴﾏﾁ,熊本県,球磨郡湯前町
43507,ｸﾏｸﾞﾝﾐｽﾞｶﾐﾑﾗ,熊本県,球磨郡水上村
43510,ｸﾏｸﾞﾝｻｶﾞﾗﾑﾗ,熊本県,球磨郡相良村
43511,ｸﾏｸﾞﾝｲﾂｷﾑﾗ,熊本県,球磨郡五木村
43512,ｸﾏｸﾞﾝﾔﾏｴﾑﾗ,熊本県,球磨郡山江村
43513,ｸﾏｸﾞﾝｸﾏﾑﾗ,熊本県,球磨郡球磨村
43514,ｸﾏｸﾞﾝｱｻｷﾞﾘﾁｮｳ,熊本県,球磨郡あさぎり町
43531,ｱﾏｸｻｸﾞﾝﾚｲﾎｸﾏﾁ,熊本県,天草郡苓北町
44201,ｵｵｲﾀｼ,大分県,大分市
44202,ﾍﾞｯﾌﾟｼ,大分県,別府市
44203,ﾅｶﾂｼ,大分県,中津市
44204,ﾋﾀｼ,大分県,日田市
44205,ｻｲｷｼ,大分県,佐伯市
44206,ｳｽｷｼ,大分県,臼杵市
44207,ﾂｸﾐｼ,大分県,津久見市
44208,ﾀｹﾀｼ,大分県,竹田市
44209,ﾌﾞﾝｺﾞﾀｶﾀﾞｼ,大分県,豊後高田市
44210,ｷﾂｷｼ,大分県,杵築市
44211,ｳｻｼ,大分県,宇佐市
44212,ﾌﾞﾝｺﾞｵｵﾉｼ,大分県,豊後大野市
44213,ﾕﾌｼ,大分県,由布市
44214,ｸﾆｻｷｼ,大分県,国東市
44322,ﾋｶﾞｼｸﾆｻｷｸﾞﾝﾋﾒｼﾏﾑﾗ,大分県,東国東郡姫島村
44341,ﾊﾔﾐｸﾞﾝﾋｼﾞﾏﾁ,大分県,速見郡日出町
44461,ｸｽｸﾞﾝｺｺﾉｴﾏﾁ,大分県,玖珠郡九重町
44462,ｸｽｸﾞﾝｸｽﾏﾁ,大分県,玖珠郡玖珠町
45201,ﾐﾔｻﾞｷｼ,宮崎県,宮崎市
45202,ﾐﾔｺﾉｼﾞｮｳｼ,宮崎県,都城市
45203,ﾉﾍﾞｵｶｼ,宮崎県,延岡市
45204,ﾆﾁﾅﾝｼ,宮崎県,日南市
45205,ｺﾊﾞﾔｼｼ,宮崎県,小林市
45206,ﾋｭｳｶﾞｼ,宮崎県,日向市
45207,ｸｼﾏｼ,宮崎県,串間市
45208,ｻｲﾄｼ,宮崎県,西都市
45209,ｴﾋﾞﾉｼ,宮崎県,えびの市
45341,ｷﾀﾓﾛｶﾀｸﾞﾝﾐﾏﾀﾁｮｳ,宮崎県,北諸県郡三股町
45361,ﾆｼﾓﾛｶﾀｸﾞﾝﾀｶﾊﾙﾁｮｳ,宮崎県,西諸県郡高原町
45382,ﾋｶﾞｼﾓﾛｶﾀｸﾞﾝｸﾆﾄﾐﾁｮｳ,宮崎県,東諸県郡国富町
45383,ﾋｶﾞｼﾓﾛｶﾀｸﾞﾝｱﾔﾁｮｳ,宮崎県,東諸県郡綾町
45401,ｺﾕｸﾞﾝﾀｶﾅﾍﾞﾁｮｳ,宮崎県,児湯郡高鍋町
45402,ｺﾕｸﾞﾝｼﾝﾄﾐﾁｮｳ,宮崎県,児湯郡新富町
45403,ｺﾕｸﾞﾝﾆｼﾒﾗｿﾝ,宮崎県,児湯郡西米良村
45404,ｺﾕｸﾞﾝｷｼﾞｮｳﾁｮｳ,宮崎県,児湯郡木城町
45405,ｺﾕｸﾞﾝｶﾜﾐﾅﾐﾁｮｳ,宮崎県,児湯郡川南町
45406,ｺﾕｸﾞﾝﾂﾉﾁｮｳ,宮崎県,児湯郡都農町
45421,ﾋｶﾞｼｳｽｷｸﾞﾝｶﾄﾞｶﾞﾜﾁｮｳ,宮崎県,東臼杵郡門川町
45429,ﾋｶﾞｼｳｽｷｸﾞﾝﾓﾛﾂｶｿﾝ,宮崎県,東臼杵郡諸塚村
45430,ﾋｶﾞｼｳｽｷｸﾞﾝｼｲﾊﾞｿﾝ,宮崎県,東臼杵郡椎葉村
45431,ﾋｶﾞｼｳｽｷｸﾞﾝﾐｻﾄﾁｮｳ,宮崎県,東臼杵郡美郷町
45441,ﾆｼｳｽｷｸﾞﾝﾀｶﾁﾎﾁｮｳ,宮崎県,西臼杵郡高千穂町
45442,ﾆｼｳｽｷｸﾞﾝﾋﾉｶｹﾞﾁｮｳ,宮崎県,西臼杵郡日之影町
45443,ﾆｼｳｽｷｸﾞﾝｺﾞｶｾﾁｮｳ,宮崎県,西臼杵郡五ヶ瀬町
46201,ｶｺﾞｼﾏｼ,鹿児島県,鹿児島市
46203,ｶﾉﾔｼ,鹿児島県,鹿屋市
46204,ﾏｸﾗｻﾞｷｼ,鹿児島県,枕崎市
46206,ｱｸﾈｼ,鹿児島県,阿久根市
46208,ｲｽﾞﾐｼ,鹿児島県,出水市
46210,ｲﾌﾞｽｷｼ,鹿児島県,指宿市
46213,ﾆｼﾉｵﾓﾃｼ,鹿児島県,西之表市
46214,ﾀﾙﾐｽﾞｼ,鹿児島県,垂水市
46215,ｻﾂﾏｾﾝﾀﾞｲｼ,鹿児島県,薩摩川内市
46216,ﾋｵｷｼ,鹿児島県,日置市
46217,ｿｵｼ,鹿児島県,曽於市
46218,ｷﾘｼﾏｼ,鹿児島県,霧島市
46219,ｲﾁｷｸｼｷﾉｼ,鹿児島県,いちき串木野市
46220,ﾐﾅﾐｻﾂﾏｼ,鹿児島県,南さつま市
46221,ｼﾌﾞｼｼ,鹿児島県,志布志市
46222,ｱﾏﾐｼ,鹿児島県,奄美市
46223,ﾐﾅﾐｷｭｳｼｭｳｼ,鹿児島県,南九州市
46224,ｲｻｼ,鹿児島県,伊佐市
46225,ｱｲﾗｼ,鹿児島県,姶良市
46303,ｶｺﾞｼﾏｸﾞﾝﾐｼﾏﾑﾗ,鹿児島県,鹿児島郡三島村
46304,ｶｺﾞｼﾏｸﾞﾝﾄｼﾏﾑﾗ,鹿児島県,鹿児島郡十島村
46392,ｻﾂﾏｸﾞﾝｻﾂﾏﾁｮｳ,鹿児島県,薩摩郡さつま町
46404,ｲｽﾞﾐｸﾞﾝﾅｶﾞｼﾏﾁｮｳ,鹿児島県,出水郡長島町
46452,ｱｲﾗｸﾞﾝﾕｳｽｲﾁｮｳ,鹿児島県,姶良郡湧水町
46468,ｿｵｸﾞﾝｵｵｻｷﾁｮｳ,鹿児島県,曽於郡大崎町
46482,ｷﾓﾂｷｸﾞﾝﾋｶﾞｼｸｼﾗﾁｮｳ,鹿児島県,肝属郡東串良町
46490,ｷﾓﾂｷｸﾞﾝｷﾝｺｳﾁｮｳ,鹿児島県,肝属郡錦江町
46491,ｷﾓﾂｷｸﾞﾝﾐﾅﾐｵｵｽﾐﾁｮｳ,鹿児島県,肝属郡南大隅町
46492,ｷﾓﾂｷｸﾞﾝｷﾓﾂｷﾁｮｳ,鹿児島県,肝属郡肝付町
46501,ｸﾏｹﾞｸﾞﾝﾅｶﾀﾈﾁｮｳ,鹿児島県,熊毛郡中種子町
46502,ｸﾏｹﾞｸﾞﾝﾐﾅﾐﾀﾈﾁｮｳ,鹿児島県,熊毛郡南種子町
46505,ｸﾏｹﾞｸﾞﾝﾔｸｼﾏﾁｮｳ,鹿児島県,熊毛郡屋久島町
46523,ｵｵｼﾏｸﾞﾝﾔﾏﾄｿﾝ,鹿児島県,大島郡大和村
46524,ｵｵｼﾏｸﾞﾝｳｹﾝｿﾝ,鹿児島県,大島郡宇検村
46525,ｵｵｼﾏｸﾞﾝｾﾄｳﾁﾁｮｳ,鹿児島県,大島郡瀬戸内町
46527,ｵｵｼﾏｸﾞﾝﾀﾂｺﾞｳﾁｮｳ,鹿児島県,大島郡龍郷町
46529,ｵｵｼﾏｸﾞﾝｷｶｲﾁｮｳ,鹿児島県,大島郡喜界町
46530,ｵｵｼﾏｸﾞﾝﾄｸﾉｼﾏﾁｮｳ,鹿児島県,大島郡徳之島町
46531,ｵｵｼﾏｸﾞﾝｱﾏｷﾞﾁｮｳ,鹿児島県,大島郡天城町
46532,ｵｵｼﾏｸﾞﾝｲｾﾝﾁｮｳ,鹿児島県,大島郡伊仙町
46533,ｵｵｼﾏｸﾞﾝﾜﾄﾞﾏﾘﾁｮｳ,鹿児島県,大島郡和泊町
46534,ｵｵｼﾏｸﾞﾝﾁﾅﾁｮｳ,鹿児島県,大島郡知名町
46535,ｵｵｼﾏｸﾞﾝﾖﾛﾝﾁｮｳ,鹿児島県,大島郡与論町
47201,ﾅﾊｼ,沖縄県,那覇市
47205,ｷﾞﾉﾜﾝｼ,沖縄県,宜野湾市
47207,ｲｼｶﾞｷｼ,沖縄県,石垣市
47208,ｳﾗｿｴｼ,沖縄県,浦添市
47209,ﾅｺﾞｼ,沖縄県,名護市
47210,ｲﾄﾏﾝｼ,沖縄県,糸満市
47211,ｵｷﾅﾜｼ,沖縄県,沖縄市
47212,ﾄﾐｸﾞｽｸｼ,沖縄県,豊見城市
47213,ｳﾙﾏｼ,沖縄県,うるま市
47214,ﾐﾔｺｼﾞﾏｼ,沖縄県,宮古島市
47215,ﾅﾝｼﾞｮｳｼ,沖縄県,南城市
47301,ｸﾆｶﾞﾐｸﾞﾝｸﾆｶﾞﾐｿﾝ,沖縄県,国頭郡国頭村
47302,ｸﾆｶﾞﾐｸﾞﾝｵｵｷﾞﾐｿﾝ,沖縄県,国頭郡大宜味村
47303,ｸﾆｶﾞﾐｸﾞﾝﾋｶﾞｼｿﾝ,沖縄県,国頭郡東村
47306,ｸﾆｶﾞﾐｸﾞﾝﾅｷｼﾞﾝｿﾝ,沖縄県,国頭郡今帰仁村
47308,ｸﾆｶﾞﾐｸﾞﾝﾓﾄﾌﾞﾁｮｳ,沖縄県,国頭郡本部町
47311,ｸﾆｶﾞﾐｸﾞﾝｵﾝﾅｿﾝ,沖縄県,国頭郡恩納村
47313,ｸﾆｶﾞﾐｸﾞﾝｷﾞﾉｻﾞｿﾝ,沖縄県,国頭郡宜野座村
47314,ｸﾆｶﾞﾐｸﾞﾝｷﾝﾁｮｳ,沖縄県,国頭郡金武町
47315,ｸﾆｶﾞﾐｸﾞﾝｲｴｿﾝ,沖縄県,国頭郡伊江村
47324,ﾅｶｶﾞﾐｸﾞﾝﾖﾐﾀﾝｿﾝ,沖縄県,中頭郡読谷村
47325,ﾅｶｶﾞﾐｸﾞﾝｶﾃﾞﾅﾁｮｳ,沖縄県,中頭郡嘉手納町
47326,ﾅｶｶﾞﾐｸﾞﾝﾁｬﾀﾝﾁｮｳ,沖縄県,中頭郡北谷町
47327,ﾅｶｶﾞﾐｸﾞﾝｷﾀﾅｶｸﾞｽｸｿﾝ,沖縄県,中頭郡北中城村
47328,ﾅｶｶﾞﾐｸﾞﾝﾅｶｸﾞｽｸｿﾝ,沖縄県,中頭郡中城村
47329,ﾅｶｶﾞﾐｸﾞﾝﾆｼﾊﾗﾁｮｳ,沖縄県,中頭郡西原町
47348,ｼﾏｼﾞﾘｸﾞﾝﾖﾅﾊﾞﾙﾁｮｳ,沖縄県,島尻郡与那原町
47350,ｼﾏｼﾞﾘｸﾞﾝﾊｴﾊﾞﾙﾁｮｳ,沖縄県,島尻郡南風原町
47353,ｼﾏｼﾞﾘｸﾞﾝﾄｶｼｷｿﾝ,沖縄県,島尻郡渡嘉敷村
47354,ｼﾏｼﾞﾘｸﾞﾝｻﾞﾏﾐｿﾝ,沖縄県,島尻郡座間味村
47355,ｼﾏｼﾞﾘｸﾞﾝｱｸﾞﾆｿﾝ,沖縄県,島尻郡粟国村
47356,ｼﾏｼﾞﾘｸﾞﾝﾄﾅｷｿﾝ,沖縄県,島尻郡渡名喜村
47357,ｼﾏｼﾞﾘｸﾞﾝﾐﾅﾐﾀﾞｲﾄｳｿﾝ,沖縄県,島尻郡南大東村
47358,ｼﾏｼﾞﾘｸﾞﾝｷﾀﾀﾞｲﾄｳｿﾝ,沖縄県,島尻郡北大東村
47359,ｼﾏｼﾞﾘｸﾞﾝｲﾍﾔｿﾝ,沖縄県,島尻郡伊平屋村
47360,ｼﾏｼﾞﾘｸﾞﾝｲｾﾞﾅｿﾝ,沖縄県,島尻郡伊是名村
47361,ｼﾏｼﾞﾘｸﾞﾝｸﾒｼﾞﾏﾁｮｳ,沖縄県,島尻郡久米島町
47362,ｼﾏｼﾞﾘｸﾞﾝﾔｴｾﾁｮｳ,沖縄県,島尻郡八重瀬町
47375,ﾐﾔｺｸﾞﾝﾀﾗﾏｿﾝ,沖縄県,宮古郡多良間村
47381,ﾔｴﾔﾏｸﾞﾝﾀｹﾄﾐﾁｮｳ,沖縄県,八重山郡竹富町
47382,ﾔｴﾔﾏｸﾞﾝﾖﾅｸﾞﾆﾁｮｳ,沖縄県,八重山郡与那国町
